id,refined_local_name,parent_id,refined_local_name_p,schema,vec_datatype_numeric,vec_datatype_text,vec_datatype_date,vec_datatype_miscellaneous,vec_constraint_pk,vec_constraint_fk,vec_constraint_notnull,vec_constraint_default,vec_constraint_unique,vec_constaint_check,concept_concat_info,concept_concat_sgtrt5,reconstruction_error_zscore_sgtrt5,reconstruction_error_zscore_glove,reconstruction_error_lof_sgtrt5,reconstruction_error_lof_glove,reconstruction_error_01pca2_glove,reconstruction_error_01pca2_sgtrt5,reconstruction_error_01ae_v0_glove_b10,reconstruction_error_01ae_v0_sgtrt5_b10,reconstruction_error_ensemble_AHMb,reconstruction_error_ensemble_APC,concept_concat_schema_instances_sgtrt5,reconstruction_error_zscore_sgtrt5_si,reconstruction_error_01lof_sgtrt5_si,reconstruction_error_01pca2_sgtrt5_si,reconstruction_error_01ae_v0_sgtrt5_si_b10
CONCEPT_46,customer id,CONCEPT_45,customers,OC_ORACLE,1,0,0,0,1,0,0,0,0,0,customer id:customers:OC_ORACLE,customers customer id,0.6667531,0.5657892516702704,0.98392254,0.9965044592071892,0.0270014292600744,0.024079897,716.4464,993.9355,0.172385359553478,0.2058610395834694,"customers customer id (22, 261, 310, 379, 367)",0.68343735,0.985537,0.01978532,1748.9603
CONCEPT_47,email address,CONCEPT_45,customers,OC_ORACLE,0,1,0,0,0,0,0,0,0,0,email address:customers:OC_ORACLE,customers email address,0.8024092,0.8272627567570464,1.0126902,1.1065642978893802,0.0422642767149374,0.03076989,837.09595,1073.8628,0.4306432553028361,0.4069887441184162,"customers email address (dania.grizzard@internalmail, adan.lamica@internalmail, frank.perez@internalmail, margaret.bennett@internalmail, james.smith@internalmail)",0.8324544,1.2135507,0.037994605,1914.6456
CONCEPT_48,full name,CONCEPT_45,customers,OC_ORACLE,0,1,0,0,0,0,0,0,0,0,full name:customers:OC_ORACLE,customers full name,0.7682667,0.6490732078956273,1.0158532,1.0172853269424436,0.0302535799505226,0.030647667,730.1194,1037.6079,0.3109610457578612,0.3632241820679733,"customers full name (Chassidy Hinderaker, Dorathy Hutchings, Michael Marker, Leon Schoepfer, Scotty Goffredo)",0.88547283,1.1155655,0.038254738,1972.8529
CONCEPT_50,store id,CONCEPT_49,stores,OC_ORACLE,1,0,0,0,1,0,0,0,0,0,store id:stores:OC_ORACLE,stores store id,0.79673845,0.678303230203719,1.0679675,1.0187142498395554,0.0440868914379214,0.03801916,844.6332,1042.8988,0.4080757636397056,0.4623932452967433,"stores store id (10, 16, 9, 11, 8)",0.72239184,1.0244572,0.026903572,1813.7329
CONCEPT_51,store name,CONCEPT_49,stores,OC_ORACLE,0,1,0,0,0,0,0,0,0,0,store name:stores:OC_ORACLE,stores store name,0.8325209,0.6831428885554802,1.0655711,1.0158885238987747,0.0378385522791024,0.03755871,817.47534,1061.4814,0.4183778129388471,0.4927430170302216,"stores store name (Mexico City, Sydney, London, Madrid, Online)",0.9271619,1.1011428,0.041477192,2096.7642
CONCEPT_52,web address,CONCEPT_49,stores,OC_ORACLE,0,1,0,0,0,0,0,0,0,0,web address:stores:OC_ORACLE,stores web address,0.9355486,0.858943188476447,1.1354569,1.1787341183879427,0.0484467965039927,0.04856376,905.43634,1190.5438,0.7334843048778176,0.776936148190007,stores web address (nan),0.8892425,1.0289735,0.033769824,2076.9907
CONCEPT_53,physical address,CONCEPT_49,stores,OC_ORACLE,0,1,0,0,0,0,0,0,0,0,physical address:stores:OC_ORACLE,stores physical address,0.8811746,0.8615539802020498,1.069852,1.209263486431439,0.0508501117972348,0.044128265,897.55023,1124.9475,0.6008784390752154,0.6084095706303231,"stores physical address (First International Financial Center     Unit No. 501, Level 5     No. C54 1, G Block     Bandra Kurla Complex     CTS No. 4207, Kolekalyan Village     Mumbai - 400 051     India, 205 Lexington Ave     7th Floor     New York, NY 10016, Hertogswetering 163-167, 3543 AS Utrecht, Netherlands, 2 Chome-5-? Kitaaoyama, Minato City, Tokyo 107-0061, Japan, Montes Urales # 470 P3 Col. Lomas de Chapultepec Delegacion Miguel Hidalgo - C.P. 11000)",0.8273093,1.1523288,0.03571938,2022.5809
CONCEPT_54,latitude,CONCEPT_49,stores,OC_ORACLE,1,0,0,0,0,0,0,0,0,0,latitude:stores:OC_ORACLE,stores latitude,0.9216214,0.8463975552708063,1.0847912,1.150174635772696,0.0523226101936124,0.047147095,918.9568,1140.6119,0.6375847138872617,0.6790720105025023,"stores latitude (nan, 41.878751, 52.103263, 40.745216, 32.100664)",0.8372987,1.160349,0.03962737,1983.9907
CONCEPT_55,longitude,CONCEPT_49,stores,OC_ORACLE,1,0,0,0,0,0,0,0,0,0,longitude:stores:OC_ORACLE,stores longitude,0.94762427,0.8607168269942781,1.1256509,1.1824782364238524,0.0519180534402883,0.04912899,908.4258,1130.7025,0.6840574125721902,0.7341979850053622,"stores longitude (77.220135, 72.870143, 139.718584, 116.290061, -122.267237)",0.8929011,1.2304953,0.04471268,2014.8604
CONCEPT_56,logo,CONCEPT_49,stores,OC_ORACLE,0,0,0,1,0,0,0,0,0,0,logo:stores:OC_ORACLE,stores logo,0.8932374,0.7933376030295617,1.1179122,1.0805746192294217,0.0463574976167811,0.04377666,884.2013,1125.8137,0.610742425172116,0.6632801298712403,stores logo ((BLOB)),0.92528445,1.1577364,0.042340722,2093.4453
CONCEPT_57,logo mime type,CONCEPT_49,stores,OC_ORACLE,0,1,0,0,0,0,0,0,0,0,logo mime type:stores:OC_ORACLE,stores logo mime type,0.93585616,1.0092971963801542,1.1559122,1.2326450088775185,0.0629850319580079,0.04517272,991.262,1152.7625,0.785123284320404,0.7464374947129178,stores logo mime type (nan),0.88098305,1.036541,0.025304051,2056.2893
CONCEPT_58,logo filename,CONCEPT_49,stores,OC_ORACLE,0,1,0,0,0,0,0,0,0,0,logo filename:stores:OC_ORACLE,stores logo filename,0.8984652,0.911532906289606,1.1086017,1.1454427693777791,0.0541651190084982,0.04167704,949.8087,1113.0024,0.63861704336248,0.6297480367519166,stores logo filename (nan),0.8488312,1.0107961,0.019806005,2007.535
CONCEPT_59,logo charset,CONCEPT_49,stores,OC_ORACLE,0,1,0,0,0,0,0,0,0,0,logo charset:stores:OC_ORACLE,stores logo char set,0.8992045,0.9922548963366328,1.1351357,1.2507030378753272,0.0625553348597304,0.04463445,1011.6015,1115.4729,0.7284661567684444,0.6758633538121982,stores logo char set (nan),0.8424058,1.0224062,0.025487004,1997.345
CONCEPT_60,logo last updated,CONCEPT_49,stores,OC_ORACLE,0,0,1,0,0,0,0,0,0,0,logo last updated:stores:OC_ORACLE,stores logo last updated,0.8784259,0.990587005790308,1.115327,1.2537645619289526,0.0645883203835375,0.042701814,1001.6697,1103.417,0.6898178527099987,0.6249478838714154,stores logo last updated (nan),0.8355837,1.0098937,0.02222387,1980.4293
CONCEPT_62,product id,CONCEPT_61,products,OC_ORACLE,1,0,0,0,1,0,0,0,0,0,product id:products:OC_ORACLE,products product id,0.7051134,0.6094199719526873,0.9929484,0.9742351258778496,0.0175739596450847,0.016129723,763.0824,966.18555,0.1402399022237268,0.1741568177084202,"products product id (38, 8, 45, 40, 17)",0.6735003,1.0105451,0.021380544,1744.3217
CONCEPT_63,product name,CONCEPT_61,products,OC_ORACLE,0,1,0,0,0,0,0,0,0,0,product name:products:OC_ORACLE,products product name,0.7595353,0.6142596303044486,0.9939086,0.973679093951436,0.0124480640761536,0.015743457,736.7745,982.48425,0.1488257254743759,0.2146139265216783,"products product name (Girl's Shorts (Green), Women's Trousers (Blue), Women's Pyjamas (Grey), Boy's Jeans (Black), Men's Shorts (Black))",0.90119773,1.1753587,0.04418354,2130.0159
CONCEPT_64,unit price,CONCEPT_61,products,OC_ORACLE,1,0,0,0,0,0,0,0,0,0,unit price:products:OC_ORACLE,products unit price,0.8471958,0.7915539891037165,1.0425898,1.1401513871977942,0.0284974821783777,0.033821106,837.14185,1074.2513,0.4469679089580903,0.4712767371423557,"products unit price (39.78, 16.67, 37.34, 34.06, 48.75)",0.78742105,1.0797373,0.034329683,1892.202
CONCEPT_65,product details,CONCEPT_61,products,OC_ORACLE,0,0,0,1,0,0,0,0,0,0,product details:products:OC_ORACLE,products product details,0.736811,0.6422353039694193,0.9954026,0.9782356520803454,0.0162522167455418,0.018736633,754.4362,1009.167,0.2003859292435821,0.2364401549298012,products product details ((BLOB)),0.8193574,1.1244736,0.035219267,1920.8582
CONCEPT_66,product image,CONCEPT_61,products,OC_ORACLE,0,0,0,1,0,0,0,0,0,0,product image:products:OC_ORACLE,products product image,0.7925524,0.7075092179565438,0.99678224,0.9908048862782886,0.0152659957981432,0.019234493,793.44006,1019.536,0.2501693787367512,0.2858385431901971,products product image ((BLOB)),0.85230255,1.1291542,0.036375754,1961.768
CONCEPT_67,image mime type,CONCEPT_61,products,OC_ORACLE,0,1,0,0,0,0,0,0,0,0,image mime type:products:OC_ORACLE,products image mime type,0.9017517,0.9807559970257144,1.0980984,1.2819070269225317,0.0363560914391355,0.037885588,942.42896,1126.7383,0.6630253527151948,0.6183350262967192,products image mime type (nan),0.84401864,1.0124744,0.018270105,2013.6044
CONCEPT_68,image filename,CONCEPT_61,products,OC_ORACLE,0,1,0,0,0,0,0,0,0,0,image filename:products:OC_ORACLE,products image filename,0.80263734,0.8671669412902544,1.0262597,1.1483315779025347,0.0264022112444722,0.029546067,894.7435,1061.0221,0.4396920115091076,0.3943309841070106,products image filename (nan),0.8397141,1.0072514,0.016799076,2022.8523
CONCEPT_69,image charset,CONCEPT_61,products,OC_ORACLE,0,1,0,0,0,0,0,0,0,0,image charset:products:OC_ORACLE,products image char set,0.8800685,0.9213811356960108,1.1075996,1.2458532628731762,0.0308596384412005,0.040526804,923.2927,1128.5664,0.6486742945341114,0.6227428918262339,products image char set (nan),0.84481853,1.0082364,0.021272993,2032.8875
CONCEPT_70,image last updated,CONCEPT_61,products,OC_ORACLE,0,0,1,0,0,0,0,0,0,0,image last updated:products:OC_ORACLE,products image last updated,0.79013044,0.9186830632131996,1.0438884,1.3031935425710843,0.0346177168352972,0.029709369,913.52106,1020.56104,0.4539498970338766,0.3724455250820592,products image last updated (nan),0.80266124,1.0054195,0.017078608,1926.0161
CONCEPT_72,order id,CONCEPT_71,orders,OC_ORACLE,1,0,0,0,1,0,0,0,0,0,order id:orders:OC_ORACLE,orders order id,0.71776146,0.6915336973656349,0.97353166,1.0052118744988492,0.0355770580956526,0.014175261,778.7759,976.64044,0.1645781232638789,0.161553222799036,"orders order id (1101, 171, 1494, 1945, 946)",0.73764896,1.0094866,0.024533568,1815.506
CONCEPT_73,order datetime,CONCEPT_71,orders,OC_ORACLE,0,0,1,0,0,0,0,0,0,0,order datetime:orders:OC_ORACLE,orders order date time,0.8135411,0.9301527390568776,1.0554441,1.1983295085938623,0.0584096328800568,0.03212884,909.4828,1041.3147,0.5054932469759473,0.4325582514994343,"orders order date time (06-MAR-19 12.36.19.692532000 PM, 12-MAR-19 12.49.36.705140000 PM, 24-JAN-19 07.19.32.303101000 AM, 25-JAN-19 06.35.35.748511000 PM, 03-MAR-19 09.15.47.418670000 AM)",0.73243076,1.0647525,0.028932637,1825.1588
CONCEPT_74,customer id,CONCEPT_71,orders,OC_ORACLE,1,0,0,0,0,1,0,0,0,0,customer id:orders:OC_ORACLE,orders customer id,0.64042044,0.73931864362262,0.9850992,1.025207419847506,0.0392243747224482,0.00872329,810.64465,955.01825,0.1564703590899966,0.0782190477398404,"orders customer id (136, 170, 44, 168, 17)",0.6108792,0.9916876,0.010602623,1677.0149
CONCEPT_75,order status,CONCEPT_71,orders,OC_ORACLE,0,1,0,0,0,0,0,0,0,0,order status:orders:OC_ORACLE,orders order status,0.7865365,0.7439906756462329,1.0542324,1.039618718317756,0.0401889565624489,0.029126465,788.173,989.56616,0.3450398188685477,0.3569159444978981,orders order status (REFUNDED),0.8989692,1.1694657,0.043983515,1979.9344
CONCEPT_76,store id,CONCEPT_71,orders,OC_ORACLE,1,0,0,0,0,1,0,0,0,0,store id:orders:OC_ORACLE,orders store id,0.6639721,0.7279053417331368,0.98253864,1.0224716351225245,0.0400247289126829,0.01904993,805.867,937.9902,0.1822339404227339,0.1251719931284438,"orders store id (15, 5, 2, 20, 8)",0.6811021,1.0048198,0.01988648,1795.9458
CONCEPT_78,shipment id,CONCEPT_77,shipments,OC_ORACLE,1,0,0,0,1,0,0,0,0,0,shipment id:shipments:OC_ORACLE,shipments shipment id,0.81133205,0.7655947035910277,1.1138749,0.9889419717047434,0.0583513010855308,0.03858481,892.2405,1018.305,0.4756659677377247,0.4914404519467011,"shipments shipment id (1536, 907, 745, 38, 1210)",0.7193396,1.0621533,0.025340423,1712.0007
CONCEPT_79,store id,CONCEPT_77,shipments,OC_ORACLE,1,0,0,0,0,1,0,0,0,0,store id:shipments:OC_ORACLE,shipments store id,0.7765811,0.8730799216560738,1.0971352,1.057715276406792,0.066981342264775,0.03632699,936.7479,971.86975,0.4666173650165055,0.401490178046724,shipments store id (1),0.8225095,1.1207376,0.03783929,1833.3682
CONCEPT_80,customer id,CONCEPT_77,shipments,OC_ORACLE,1,0,0,0,0,1,0,0,0,0,customer id:shipments:OC_ORACLE,shipments customer id,0.6995182,0.8844932235455572,1.0398299,1.0501109201179228,0.0671474853693433,0.025299095,941.8008,940.42926,0.3468446424318082,0.2265843042122184,"shipments customer id (350, 362, 78, 339, 319)",0.6879527,1.0135776,0.021655587,1715.507
CONCEPT_81,delivery address,CONCEPT_77,shipments,OC_ORACLE,0,1,0,0,0,0,0,0,0,0,delivery address:shipments:OC_ORACLE,shipments delivery address,0.9105458,0.966389748456376,1.1216983,1.0830145635279445,0.0694942035333824,0.04918763,972.6859,1102.0582,0.7150078085004423,0.6837626939244484,"shipments delivery address (Brush Creek, TN 38547 USA, Dorchester, IA 52140 USA, Walford, IA 52351 USA, Inwood, NY 11096 USA, Salisbury, PA 15558 USA)",0.8625811,1.2540001,0.039915055,1964.6631
CONCEPT_82,shipment status,CONCEPT_77,shipments,OC_ORACLE,0,1,0,0,0,0,0,0,0,0,shipment status:shipments:OC_ORACLE,shipments shipment status,0.9150331,0.810931775079398,1.1534723,1.083735562109832,0.058880321914069,0.049858365,898.51587,1072.9861,0.6345285547693946,0.6912574900920093,shipments shipment status (DELIVERED),0.9303152,1.1724188,0.048002828,1975.8823
CONCEPT_84,order id,CONCEPT_83,order items,OC_ORACLE,1,0,0,0,0,1,0,0,0,0,order id:order items:OC_ORACLE,order items order id,0.712997,0.8414711645810593,0.9774573,1.0049132792380062,0.0470328915004568,0.017687928,895.499,972.72174,0.2632949765122352,0.1751432030187101,"order items order id (908, 85, 458, 130, 48)",0.6507152,0.98247296,0.017416945,1725.4021
CONCEPT_85,line item id,CONCEPT_83,order items,OC_ORACLE,1,0,0,0,0,0,0,0,0,0,line item id:order items:OC_ORACLE,order items line item id,0.7464378,1.014102801701326,1.0385243,1.1177799818670675,0.0596972753803661,0.027071783,988.2529,1003.0006,0.4742538163275162,0.3127827567476863,order items line item id (3),0.8039482,1.121642,0.03351376,1935.386
CONCEPT_86,product id,CONCEPT_83,order items,OC_ORACLE,1,0,0,0,0,1,0,0,0,0,product id:order items:OC_ORACLE,order items product id,0.63660496,0.8517979888649715,0.9839115,1.0047139910398633,0.0484990893842712,0.010845702,913.865,912.0813,0.1908288364972399,0.0485644053979331,"order items product id (32, 3, 8, 16, 15)",0.6454708,0.9997548,0.014696953,1735.9446
CONCEPT_87,unit price,CONCEPT_83,order items,OC_ORACLE,1,0,0,0,0,0,0,0,0,0,unit price:order items:OC_ORACLE,order items unit price,0.7879513,0.9531871250116112,1.0799518,1.033058796073202,0.057755149959665,0.036338106,952.4758,1020.56287,0.5379794966552627,0.4361986651816212,"order items unit price (48.39, 24.71, 23.32, 30.69, 11.0)",0.7280774,1.0643691,0.027311713,1823.7676
CONCEPT_88,quantity,CONCEPT_83,order items,OC_ORACLE,1,0,0,0,0,0,0,0,0,0,quantity:order items:OC_ORACLE,order items quantity,0.7593408,0.7929051988325062,1.0407335,1.081343436583529,0.0461350754584361,0.03127194,870.0836,1004.11926,0.3768016769358504,0.344641526836383,"order items quantity (2, 4, 3, 5, 1)",0.7597446,1.075467,0.031290773,1872.741
CONCEPT_89,shipment id,CONCEPT_83,order items,OC_ORACLE,1,0,0,0,0,1,0,0,0,0,shipment id:order items:OC_ORACLE,order items shipment id,0.71816343,0.908389257564872,1.0253491,1.0219754482493253,0.0512463155867058,0.022681652,937.7321,970.4744,0.3635210364818115,0.2420026387466728,"order items shipment id (246.0, 1770.0, 1786.0, 123.0, 506.0)",0.67477417,1.0063738,0.020229027,1746.6282
CONCEPT_91,inventory id,CONCEPT_90,inventory,OC_ORACLE,1,0,0,0,1,0,0,0,0,0,inventory id:inventory:OC_ORACLE,inventory inventory id,0.91437083,0.729711784477234,1.1092339,1.0101372460921516,0.0528433586213831,0.049062025,846.2312,1130.2899,0.6004414659594397,0.7012257614412803,"inventory inventory id (41, 481, 225, 243, 196)",0.78012925,1.0621932,0.029231148,1874.8877
CONCEPT_92,store id,CONCEPT_90,inventory,OC_ORACLE,1,0,0,0,0,1,0,0,0,0,store id:inventory:OC_ORACLE,inventory store id,0.842797,0.8371970025422802,1.095609,1.0310837877942975,0.0612441011620436,0.042176764,890.6411,1064.4442,0.5586043643450271,0.5551291295779767,"inventory store id (1, 19, 16, 22, 5)",0.7811515,1.0370923,0.030030346,1924.1516
CONCEPT_93,product id,CONCEPT_90,inventory,OC_ORACLE,1,0,0,0,0,1,0,0,0,0,product id:inventory:OC_ORACLE,inventory product id,0.74542904,0.8104566654816235,1.0407109,1.0250047511367668,0.059690283433985,0.025576502,882.9554,989.28687,0.3564706146939498,0.3058747657221534,"inventory product id (45, 29, 44, 42, 8)",0.7200672,1.0135511,0.02348929,1770.392
CONCEPT_94,product inventory,CONCEPT_90,inventory,OC_ORACLE,1,0,0,0,0,0,0,0,0,0,product inventory:inventory:OC_ORACLE,inventory product inventory,0.8180609,0.7595540754583244,1.063176,1.066737851999784,0.0532851512741917,0.029201237,836.76624,1025.6068,0.3874925403878829,0.4108431389863073,"inventory product inventory (18, 17, 4, 11, 10)",0.78282714,1.0537486,0.03108345,1872.4877
CONCEPT_97,customernumber,CONCEPT_96,customers,OC_MYSQL,1,0,0,0,0,0,1,0,0,0,customernumber:customers:OC_MYSQL,customers customer number,0.7367254,0.5657534311115174,0.9926737,0.9961964394264752,0.0247365459501266,0.02811634,704.21265,1030.4648,0.2264170261279149,0.3042978533261956,"customers customer number (151, 456, 386, 168, 157)",0.7174724,1.0130916,0.02264949,1825.0702
CONCEPT_98,customername,CONCEPT_96,customers,OC_MYSQL,0,1,0,0,0,0,1,0,0,0,customername:customers:OC_MYSQL,customers customer name,0.737654,0.5718664290710219,1.0003394,0.9829881178809298,0.0244339794797028,0.028001452,700.7331,1030.0164,0.2367935321993647,0.311915966424795,"customers customer name (L'ordine Souveniers, Online Mini Collectables, Gift Depot Inc., Warburg Exchange, Nat�rlich Autos)",0.85613775,1.0677041,0.036290783,1974.4071
CONCEPT_99,contactlastname,CONCEPT_96,customers,OC_MYSQL,0,1,0,0,0,0,1,0,0,0,contactlastname:customers:OC_MYSQL,customers contact lastname,0.75646424,0.8599792766679103,1.0160234,1.1506917972838304,0.045889836753168,0.028437832,856.3194,1040.6738,0.4157489355630632,0.3450348348906079,"customers contact lastname (Tonini, Choi, Dewey, Saavedra, Yoshido)",0.8826742,1.1282536,0.039181527,1991.2843
CONCEPT_100,contactfirstname,CONCEPT_96,customers,OC_MYSQL,0,1,0,0,0,0,1,0,0,0,contactfirstname:customers:OC_MYSQL,customers contact first name,0.7747488,0.8443582242879096,1.0187597,1.167248464304836,0.0455855449321363,0.029870937,836.8558,1052.1798,0.4266091348926926,0.3760474511258077,"customers contact first name (Maria, Mel, Eric, Rachel, Pirkko)",0.902246,1.1114193,0.037377235,2043.9362
CONCEPT_101,phone,CONCEPT_96,customers,OC_MYSQL,0,1,0,0,0,0,1,0,0,0,phone:customers:OC_MYSQL,customers phone,0.7942133,0.7050058197952133,1.0031513,1.0195453401695078,0.0323294116192386,0.031652916,750.47766,1045.4479,0.3352006954637396,0.3732942607505739,"customers phone (2035552570, (171) 555-7555, 2015559350, 04 499 9555, 0555-09555)",0.77211183,1.0748266,0.029821685,1846.8347
CONCEPT_102,addressline1,CONCEPT_96,customers,OC_MYSQL,0,1,0,0,0,0,1,0,0,0,addressline1:customers:OC_MYSQL,customers address line 1,0.7243795,0.7996278864488168,1.0163245,1.1665815226522276,0.041626604170421,0.027564155,821.9201,1028.7593,0.3673554195016827,0.3093369731181684,"customers address line 1 (Magazinweg 7, Forsterstr. 57, �kergatan 24, Taucherstra�e 10, 3 Hagalim Blv.)",0.8667493,1.1595359,0.037190035,1994.533
CONCEPT_103,addressline2,CONCEPT_96,customers,OC_MYSQL,0,1,0,0,0,0,0,1,0,0,addressline2:customers:OC_MYSQL,customers address line 2,0.74083996,0.7937762834233032,1.0293714,1.158273087001308,0.0412730202576977,0.029912421,818.4861,1051.7596,0.4040471420788432,0.3596743539473518,"customers address line 2 (815 Pacific Hwy, Alessandro Volta 16, Suite 400, Floor No. 4, Level 3)",0.8359576,1.1824886,0.033479877,1985.8323
CONCEPT_104,city,CONCEPT_96,customers,OC_MYSQL,0,1,0,0,0,0,1,0,0,0,city:customers:OC_MYSQL,customers city,0.81990224,0.6591520162489185,1.0115745,1.0124741506260555,0.0299735025148456,0.031085366,763.7326,1094.7174,0.3647789810968749,0.4442770118487747,"customers city (Strasbourg, Saint Petersburg, Glendale, Nashua, K�ln)",0.9038038,1.0898827,0.037275825,2095.0378
CONCEPT_105,state,CONCEPT_96,customers,OC_MYSQL,0,1,0,0,0,0,0,1,0,0,state:customers:OC_MYSQL,customers state,0.7629474,0.6875243271182179,1.017481,1.0108089793580133,0.0322078242138363,0.031907823,756.5892,1042.6561,0.3409735706920808,0.3688069705982331,"customers state (Victoria, Qu�bec, Osaka, NV, nan)",0.8716814,1.1248382,0.03786186,2045.1532
CONCEPT_106,postalcode,CONCEPT_96,customers,OC_MYSQL,0,1,0,0,0,0,0,1,0,0,postalcode:customers:OC_MYSQL,customers postal code,0.7745025,0.7777141917182169,1.0284153,1.0908815987748643,0.0396864282387869,0.028165964,815.5219,1054.8865,0.3873009396462562,0.3730767929695965,"customers postal code (97562, 92561, 80686, 10100, 106-0032)",0.8092649,1.1385392,0.034903027,1874.4088
CONCEPT_107,country,CONCEPT_96,customers,OC_MYSQL,0,1,0,0,0,0,1,0,0,0,country:customers:OC_MYSQL,customers country,0.7876468,0.6628143629413072,1.0156058,1.0100544770087732,0.0298655360988005,0.034351274,751.00806,1082.2678,0.3697594049670742,0.4267913674716998,"customers country (Japan, Switzerland, Israel, Russia, Norway)",0.87912464,1.100664,0.037167016,2013.9307
CONCEPT_108,salesrepemployeenumber,CONCEPT_96,customers,OC_MYSQL,1,0,0,0,0,0,0,1,0,0,salesrepemployeenumber:customers:OC_MYSQL,customers sales rep employee number,0.8123841,0.9668554065655568,1.0829512,1.3998627061779343,0.0599222838288509,0.036560543,906.0105,1052.7035,0.5775581291040122,0.4837911082131074,"customers sales rep employee number (1323, 1165, 1501, 0, 1504)",0.7360799,1.0535535,0.025090769,1825.4054
CONCEPT_109,creditlimit,CONCEPT_96,customers,OC_MYSQL,0,0,0,0,0,0,0,1,0,0,creditlimit:customers:OC_MYSQL,customers credit limit,0.8514309,0.797307285042225,1.0829784,1.1448943880617943,0.0444353701347085,0.041963354,830.1332,1143.8154,0.5888688109371917,0.612713628567131,"customers credit limit (55400.0, 123900.0, 41900.0, 0.0, 120800.0)",0.8136215,1.1518333,0.035105545,1950.3762
CONCEPT_111,employeenumber,CONCEPT_110,employees,OC_MYSQL,1,0,0,0,0,0,1,0,0,0,employeenumber:employees:OC_MYSQL,employees employee number,0.89023614,0.7043789495100247,1.0999037,1.002765131689661,0.030692376653238,0.037368584,810.21497,1074.8907,0.4693349777188305,0.5686819847427688,"employees employee number (1188, 1216, 1323, 1002, 1401)",0.84981185,1.1181551,0.031361107,1926.2863
CONCEPT_112,lastname,CONCEPT_110,employees,OC_MYSQL,0,1,0,0,0,0,1,0,0,0,lastname:employees:OC_MYSQL,employees lastname,0.8996558,0.8763352061255132,1.0651664,1.1595685551395698,0.0399179683442321,0.034124997,906.7157,1101.1948,0.5379045697464115,0.5490647932051069,"employees lastname (Tseng, Castillo, Firrelli, Bow, Fixter)",0.9714486,1.1305237,0.042828634,2108.7183
CONCEPT_113,firstname,CONCEPT_110,employees,OC_MYSQL,0,1,0,0,0,0,1,0,0,0,firstname:employees:OC_MYSQL,employees first name,0.8895974,0.8294304961699897,1.0574899,1.067920055973095,0.0362124493342878,0.033835288,862.54016,1098.2407,0.5011040058600676,0.5315685515192768,"employees first name (Julie, Peter, George, Yoshimi, Andy)",0.9265251,1.091334,0.039295018,2045.6193
CONCEPT_114,extension,CONCEPT_110,employees,OC_MYSQL,0,1,0,0,0,0,1,0,0,0,extension:employees:OC_MYSQL,employees extension,0.92965156,0.8058125291870099,1.1317558,1.0398608250467254,0.0357120835251898,0.04199052,861.2405,1115.3695,0.6102521318263568,0.6790572561856265,"employees extension (x9273, x2028, x6493, x101, x2248)",0.8508303,1.1934237,0.037947636,1896.6853
CONCEPT_115,email,CONCEPT_110,employees,OC_MYSQL,0,1,0,0,0,0,1,0,0,0,email:employees:OC_MYSQL,employees email,0.93495256,0.7864997337533142,1.0826858,1.0345256565924197,0.0317202787819658,0.03793208,845.98083,1125.6619,0.5415418723555354,0.6242851222593426,"employees email (afixter@classicmodelcars.com, ykato@classicmodelcars.com, spatterson@classicmodelcars.com, gbondur@classicmodelcars.com, mgerard@classicmodelcars.com)",0.91732675,1.0916278,0.03810732,2001.7976
CONCEPT_116,officecode,CONCEPT_110,employees,OC_MYSQL,0,1,0,0,0,0,1,0,0,0,officecode:employees:OC_MYSQL,employees office code,0.9009271,0.8925104124038569,1.0348709,1.0944404503282226,0.0402395106179032,0.034915153,900.575,1123.7948,0.5449110166472246,0.5480202422037006,"employees office code (1, 3, 4, 2, 7)",0.79745775,1.1306243,0.034410626,1879.4042
CONCEPT_117,reportsto,CONCEPT_110,employees,OC_MYSQL,1,0,0,0,0,0,0,1,0,0,reportsto:employees:OC_MYSQL,employees reports to,1.0009915,0.9174563853238628,1.1263245,1.151906867917402,0.0470405560315949,0.046214957,900.47327,1189.8317,0.7431959383206906,0.7961187913346582,"employees reports to (1102, 1143, 1056, 1088, 1621)",0.82806206,1.1763116,0.03393729,1897.4207
CONCEPT_118,jobtitle,CONCEPT_110,employees,OC_MYSQL,0,1,0,0,0,0,1,0,0,0,jobtitle:employees:OC_MYSQL,employees job title,0.91755515,0.900724947901514,1.1096952,1.1587954113080188,0.0437799162579098,0.04279395,910.9239,1139.7388,0.653669360745895,0.6628280399301879,"employees job title (Sales Manager (APAC), Sales Manager (NA), President, Sale Manager (EMEA), VP Marketing)",0.9168666,1.1483341,0.041148737,2027.3953
CONCEPT_120,officecode,CONCEPT_119,offices,OC_MYSQL,0,1,0,0,0,0,1,0,0,0,officecode:offices:OC_MYSQL,offices office code,0.90922767,0.7810641697052582,1.0882798,1.0343425436294018,0.0324324164350834,0.040156003,912.0547,1147.6959,0.5791785806108041,0.6485802340435781,"offices office code (2, 5, 1, 7, 6)",0.8210991,1.1672398,0.03787853,1963.5049
CONCEPT_121,city,CONCEPT_119,offices,OC_MYSQL,0,1,0,0,0,0,1,0,0,0,city:offices:OC_MYSQL,offices city,0.97430676,0.8299648519278381,1.0723752,1.043726458485218,0.0337947908924225,0.038352456,954.206,1209.5293,0.636304930830119,0.7202105592915085,"offices city (Tokyo, San Francisco, Boston, Paris, NYC)",0.9952984,1.049226,0.03806913,2202.952
CONCEPT_122,phone,CONCEPT_119,offices,OC_MYSQL,0,1,0,0,0,0,1,0,0,0,phone:offices:OC_MYSQL,offices phone,0.93008417,0.8758186554741328,1.0578818,1.0582715185170486,0.0367964210023156,0.038412593,944.0646,1126.0586,0.5766266403901771,0.6073713523768249,"offices phone (+33 14 723 4404, +44 20 7877 2041, +61 2 9264 2451, +81 33 224 5000, +1 215 837 0825)",0.8902712,1.1486473,0.03790684,1972.1232
CONCEPT_123,addressline1,CONCEPT_119,offices,OC_MYSQL,0,1,0,0,0,0,1,0,0,0,addressline1:offices:OC_MYSQL,offices address line 1,0.88003874,0.9704407221277366,1.0466124,1.2036481700287645,0.0458834190226322,0.033749625,1015.1821,1110.0748,0.5868860846825869,0.5340711426006721,"offices address line 1 (1550 Court Place, 5-11 Wentworth Avenue, 43 Rue Jouffroy D'abbans, 523 East 53rd Street, 4-1 Kioicho)",0.9219806,1.1005765,0.038533147,2088.6545
CONCEPT_124,addressline2,CONCEPT_119,offices,OC_MYSQL,0,1,0,0,0,0,0,1,0,0,addressline2:offices:OC_MYSQL,offices address line 2,0.8752482,0.9645891191022228,1.0480782,1.1949403016141018,0.045687762352715,0.036082726,1012.03625,1130.0521,0.6090008570943879,0.5563514255112678,"offices address line 2 (Suite 300, Suite 102, Level 7, Floor #2, apt. 5A)",0.8450832,1.147777,0.035287026,2024.869
CONCEPT_125,state,CONCEPT_119,offices,OC_MYSQL,0,1,0,0,0,0,0,1,0,0,state:offices:OC_MYSQL,offices state,0.9257539,0.8583371627971376,1.106914,1.052554566401316,0.0370075367591365,0.041535053,949.2654,1148.0391,0.6382997615496211,0.6758703875036784,"offices state (MA, CA, NY, Chiyoda-Ku, nan)",0.921645,1.0984775,0.040052924,2065.0515
CONCEPT_126,country,CONCEPT_119,offices,OC_MYSQL,0,1,0,0,0,0,1,0,0,0,country:offices:OC_MYSQL,offices country,0.9123215,0.8336271986202268,1.0814402,1.0250867067977087,0.0341142659903536,0.037807267,942.5214,1160.7527,0.5981264306714975,0.6407074728734304,"offices country (USA, UK, Australia, France, Japan)",0.95133084,1.0704361,0.037434828,2131.451
CONCEPT_127,postalcode,CONCEPT_119,offices,OC_MYSQL,0,1,0,0,0,0,1,0,0,0,postalcode:offices:OC_MYSQL,offices postal code,0.94691116,0.9442416196638316,1.0773761,1.104986881504226,0.0435111775899683,0.04115035,1005.4155,1170.569,0.6787586945342459,0.6827093696209006,"offices postal code (94080, 102-8578, EC2N 1HN, NSW 2010, 02107)",0.8884871,1.1574597,0.04269746,2021.5194
CONCEPT_128,territory,CONCEPT_119,offices,OC_MYSQL,0,1,0,0,0,0,1,0,0,0,territory:offices:OC_MYSQL,offices territory,0.92354745,0.8498422161028579,1.0903331,1.0502843717992676,0.0366179609136738,0.03849051,948.65247,1160.5216,0.6190733626707914,0.6598961402204865,offices territory (EMEA),0.96906704,1.0763167,0.03973082,2113.7153
CONCEPT_130,ordernumber,CONCEPT_129,orderdetails,OC_MYSQL,1,0,0,0,0,0,1,0,0,0,ordernumber:orderdetails:OC_MYSQL,order details order number,0.7159001,0.863709283793322,1.0214598,1.0342463871324032,0.0538443607447369,0.02292362,913.7553,988.71686,0.3482903783688613,0.2498027010713208,"order details order number (10145, 10140, 10303, 10337, 10279)",0.67321974,1.0009233,0.02148919,1773.359
CONCEPT_131,productcode,CONCEPT_129,orderdetails,OC_MYSQL,0,1,0,0,0,0,1,0,0,0,productcode:orderdetails:OC_MYSQL,order details product code,0.6762211,0.8989815199473051,1.0429844,1.066827713936419,0.0589496269096209,0.02487728,933.76605,965.2304,0.3720794179298316,0.2291073467697025,"order details product code (S18_3029, S72_1253, S700_2824, S24_1444, S10_4698)",0.6866436,1.0715561,0.02557984,1760.7058
CONCEPT_132,quantityordered,CONCEPT_129,orderdetails,OC_MYSQL,1,0,0,0,0,0,1,0,0,0,quantityordered:orderdetails:OC_MYSQL,order details quantity ordered,0.75401825,0.946292378323108,1.0411896,1.0344633821064473,0.0587732264506125,0.028747221,963.0263,1012.0276,0.4593727619130904,0.3398426889528911,"order details quantity ordered (55, 18, 28, 77, 50)",0.6972539,1.0188944,0.023122596,1805.4633
CONCEPT_133,priceeach,CONCEPT_129,orderdetails,OC_MYSQL,0,0,0,0,0,0,1,0,0,0,priceeach:orderdetails:OC_MYSQL,order details price each,0.8104332,0.9319519766287796,1.0593418,1.0587870242723978,0.0605321827312082,0.037122495,951.5095,1065.7559,0.552949746232559,0.4770580674092097,"order details price each (63.98, 73.99, 49.13, 65.6, 59.83)",0.7350924,1.0617725,0.030334763,1864.8638
CONCEPT_134,orderlinenumber,CONCEPT_129,orderdetails,OC_MYSQL,1,0,0,0,0,0,1,0,0,0,orderlinenumber:orderdetails:OC_MYSQL,order details order line number,0.7305276,1.0067666375648043,1.0514535,1.1487275161120474,0.0668187815760035,0.026983103,988.5613,998.758,0.4768200963810457,0.309273947423206,"order details order line number (17, 10, 4, 11, 8)",0.73011,1.0335141,0.025650395,1818.0212
CONCEPT_136,ordernumber,CONCEPT_135,orders,OC_MYSQL,1,0,0,0,0,0,1,0,0,0,ordernumber:orders:OC_MYSQL,orders order number,0.6982401,0.7192465688104065,0.99315184,1.033439244162871,0.0378880005596304,0.018714221,782.9629,953.4221,0.1970991228158435,0.1665158765847203,"orders order number (10400, 10338, 10389, 10341, 10135)",0.66519254,1.0024475,0.020280546,1698.8826
CONCEPT_137,orderdate,CONCEPT_135,orders,OC_MYSQL,0,0,1,0,0,0,1,0,0,0,orderdate:orders:OC_MYSQL,orders order date,0.78348637,0.7976475895379109,1.0338045,1.0495280248072631,0.0450762440152917,0.027204974,823.6916,1011.0879,0.3649019423972802,0.3454611551700901,"orders order date (2004-05-11, 2005-05-31, 2005-02-02, 2005-05-13, 2005-03-11)",0.7514117,1.0799125,0.029917374,1878.4985
CONCEPT_138,requireddate,CONCEPT_135,orders,OC_MYSQL,0,0,1,0,0,0,1,0,0,0,requireddate:orders:OC_MYSQL,orders required date,0.8661302,0.8034833047428405,1.100657,1.0639053985933808,0.0457414183109543,0.04109749,828.4154,1116.5396,0.5779033326699556,0.6076904158233638,"orders required date (2003-12-06, 2005-02-21, 2004-08-26, 2003-10-16, 2004-01-15)",0.85791665,1.1634791,0.04031397,2049.2805
CONCEPT_139,shippeddate,CONCEPT_135,orders,OC_MYSQL,0,0,1,0,0,0,0,1,0,0,shippeddate:orders:OC_MYSQL,orders shipped date,0.84192437,0.8613664649466669,1.1031349,1.087729255252561,0.0515961884921233,0.037553634,862.00256,1076.5996,0.5592130890271676,0.5419493024291641,"orders shipped date (2004-02-12, 2004-01-27, 2004-04-10, 2005-04-27, 2005-03-28)",0.709503,1.0282441,0.025562515,1791.3385
CONCEPT_140,status,CONCEPT_135,orders,OC_MYSQL,0,1,0,0,0,0,1,0,0,0,status:orders:OC_MYSQL,orders status,0.8155169,0.6669947142054512,1.0726821,1.0430152279287712,0.0374384022094523,0.03396989,779.16846,1010.53394,0.3589107912728366,0.4313324665106625,"orders status (Disputed, Resolved, Cancelled, On Hold, Shipped)",0.8972475,1.2268734,0.045798313,1982.983
CONCEPT_141,comments,CONCEPT_135,orders,OC_MYSQL,0,1,0,0,0,0,0,0,0,0,comments:orders:OC_MYSQL,orders comments,0.8123112,0.7229711423532988,1.1087705,1.073441664489889,0.0402405977280128,0.037715863,800.40845,1051.8903,0.4683266050501518,0.508062536090166,"orders comments (Customer disputed the order and we agreed to cancel it. We must be more cautions with this customer going forward, since they are very hard to please. We must cover the shipping fees., Customer will send a truck to our local warehouse on 7/1/2004, Customer requested that ad materials (such as posters, pamphlets) be included in the shippment, Can we renegotiate this one?, Customer cancelled due to urgent budgeting issues. Must be cautious when dealing with them in the future. Since order shipped already we must discuss who would cover the shipping charges.)",0.8804677,1.2119442,0.041192353,1988.3433
CONCEPT_142,customernumber,CONCEPT_135,orders,OC_MYSQL,1,0,0,0,0,0,1,0,0,0,customernumber:orders:OC_MYSQL,orders customer number,0.67818767,0.7197977557699925,0.9741676,1.022894683366372,0.0375414089287394,0.016069598,786.9021,958.91797,0.1743179505074009,0.1307130196366054,"orders customer number (298, 314, 452, 201, 198)",0.6441578,0.98117775,0.017478166,1710.6176
CONCEPT_144,customernumber,CONCEPT_143,payments,OC_MYSQL,1,0,0,0,0,0,1,0,0,0,customernumber:payments:OC_MYSQL,payments customer number,0.82681495,0.8391607530857451,1.1125902,1.04789521472366,0.0539869667592552,0.035596363,903.8122,1065.0126,0.5419741441997609,0.5272856798872574,"payments customer number (495, 412, 166, 240, 148)",0.7989395,1.0710284,0.02892224,1877.9259
CONCEPT_145,checknumber,CONCEPT_143,payments,OC_MYSQL,0,1,0,0,0,0,1,0,0,0,checknumber:payments:OC_MYSQL,payments check number,0.99476224,0.8189056071995662,1.2467961,1.0495398788571384,0.0519368566822331,0.055047024,889.8015,1210.406,0.8550038545458918,0.9579409680222568,"payments check number (JO719695, CN328545, NR27552, CA762595, MN89921)",0.88119775,1.2105261,0.039479706,2017.0378
CONCEPT_146,paymentdate,CONCEPT_143,payments,OC_MYSQL,0,0,1,0,0,0,1,0,0,0,paymentdate:payments:OC_MYSQL,payments payment date,0.95887345,0.8380369247995836,1.2093638,1.0678915375476,0.0544176206005106,0.052404325,909.01086,1180.093,0.8014059878266183,0.8711015975000048,"payments payment date (2005-05-18, 2004-02-17, 2004-12-05, 2004-08-09, 2003-02-20)",0.88552374,1.1879624,0.044226885,2087.9224
CONCEPT_147,amount,CONCEPT_143,payments,OC_MYSQL,0,0,0,0,0,0,1,0,0,0,amount:payments:OC_MYSQL,payments amount,0.99483424,0.8149776220648701,1.2758162,1.05606218760467,0.0532112820498612,0.056426764,895.9514,1202.792,0.8845799129734411,0.9897136334231196,"payments amount (36442.34, 15059.76, 3452.75, 32723.04, 1960.8)",0.830431,1.158165,0.036146075,1960.6737
CONCEPT_149,productline,CONCEPT_148,productlines,OC_MYSQL,0,1,0,0,0,0,1,0,0,0,productline:productlines:OC_MYSQL,product lines product line,0.8564251,0.9075700598116015,1.0464903,1.161618643660798,0.0556627538283119,0.031897057,937.78345,1084.8876,0.5184466320885706,0.4850803520390303,"product lines product line (Classic Cars, Ships, Planes, Trucks and Buses, Vintage Cars)",0.9031789,1.0601888,0.04198888,2055.4585
CONCEPT_150,textdescription,CONCEPT_148,productlines,OC_MYSQL,0,1,0,0,0,0,0,1,0,0,textdescription:productlines:OC_MYSQL,product lines text description,0.811718,0.9327214575799544,1.0318897,1.204084821355768,0.056524778810589,0.02960063,955.37573,1034.4922,0.4663697949271391,0.3908717413438299,"product lines text description (Attention car enthusiasts: Make your wildest car ownership dreams come true. Whether you are looking for classic muscle cars, dream sports cars or movie-inspired miniatures, you will find great choices in this category. These replicas feature superb attention to detail and craftsmanship and offer features such as working steering system, opening forward compartment, opening rear trunk with removable spare wheel, 4-wheel independent spring suspension, and so on. The models range in size from 1:10 to 1:24 scale and include numerous limited edition and several out-of-production vehicles. All models include a certificate of authenticity from their manufacturers and come fully assembled and ready for display in the home or office., Unique, diecast airplane and helicopter replicas suitable for collections, as well as home, office or classroom decorations. Models contain stunning details such as official logos and insignias, rotating jet engines and propellers, retractable wheels, and so on. Most come fully assembled and with a certificate of authenticity from their manufacturers., Our motorcycles are state of the art replicas of classic as well as contemporary motorcycle legends such as Harley Davidson, Ducati and Vespa. Models contain stunning details such as official logos, rotating wheels, working kickstand, front suspension, gear-shift lever, footbrake lever, and drive chain. Materials used include diecast and plastic. The models range in size from 1:10 to 1:50 scale and include numerous limited edition and several out-of-production vehicles. All models come fully assembled and ready for display in the home or office. Most include a certificate of authenticity., Model trains are a rewarding hobby for enthusiasts of all ages. Whether you're looking for collectible wooden trains, electric streetcars or locomotives, you'll find a number of great choices for any budget within this category. The interactive aspect of trains makes toy trains perfect for young children. The wooden train sets are ideal for children under the age of 5., The Truck and Bus models are realistic replicas of buses and specialized trucks produced from the early 1920s to present. The models range in size from 1:12 to 1:50 scale and include numerous limited edition and several out-of-production vehicles. Materials used include tin, diecast and plastic. All models include a certificate of authenticity from their manufacturers and are a perfect ornament for the home and office.)",0.89655477,1.1654918,0.041873872,2016.3136
CONCEPT_151,htmldescription,CONCEPT_148,productlines,OC_MYSQL,0,1,0,0,0,0,0,0,0,0,htmldescription:productlines:OC_MYSQL,product lines html description,0.80017495,0.946270075256727,1.0387236,1.221888054358095,0.0575682667641506,0.030992888,972.42535,1052.6226,0.4985627723435015,0.4083234938914696,product lines html description (nan),0.8092075,1.0086917,0.02257911,1945.2094
CONCEPT_152,image,CONCEPT_148,productlines,OC_MYSQL,0,0,0,1,0,0,0,0,0,0,image:productlines:OC_MYSQL,product lines image,0.7870291,0.8660607433759759,1.024262,1.1362652346529072,0.0496805590948371,0.026163675,935.48083,1027.119,0.3973165876384197,0.3426605303633178,product lines image (nan),0.7851146,1.005732,0.016503321,1904.316
CONCEPT_154,productcode,CONCEPT_153,products,OC_MYSQL,0,1,0,0,0,0,1,0,0,0,productcode:products:OC_MYSQL,products product code,0.7523282,0.6538820543087557,0.99531496,0.9800203514491418,0.0174228587710988,0.023326667,762.8131,1016.1827,0.2396824751311435,0.2792020538017146,"products product code (S24_2766, S32_4289, S18_1662, S12_1666, S24_1578)",0.7767098,1.1084796,0.033439066,1856.7423
CONCEPT_155,productname,CONCEPT_153,products,OC_MYSQL,0,1,0,0,0,0,1,0,0,0,productname:products:OC_MYSQL,products product name,0.7595353,0.6154971493534389,0.9939086,0.9732301517438008,0.0132244745540296,0.015743457,744.26294,982.48425,0.1495033816274598,0.2146139265216783,"products product name (1928 British Royal Navy Airplane, 1937 Lincoln Berline, 1970 Chevy Chevelle SS 454, 1992 Porsche Cayenne Turbo Silver, 1982 Lamborghini Diablo)",0.91347724,1.19682,0.046160866,2093.9192
CONCEPT_156,productline,CONCEPT_153,products,OC_MYSQL,0,1,0,0,0,0,1,0,0,0,productline:products:OC_MYSQL,products product line,0.7878301,0.6773768543020893,1.0010235,0.99144982609494,0.017142812311693,0.02038881,767.75977,1029.9619,0.2528857729890789,0.3020596971019479,"products product line (Trains, Vintage Cars, Trucks and Buses, Classic Cars, Motorcycles)",0.9065876,1.0754986,0.042023156,2048.6902
CONCEPT_157,productscale,CONCEPT_153,products,OC_MYSQL,0,1,0,0,0,0,1,0,0,0,productscale:products:OC_MYSQL,products product scale,0.80992866,0.7493263299418069,1.0196798,1.0154934880054882,0.0226051737689173,0.028224507,823.79803,1041.8385,0.3525825644708368,0.3763752756803757,"products product scale (1:24, 1:72, 1:50, 1:12, 1:10)",0.798496,1.1176444,0.037311677,1914.4757
CONCEPT_158,productvendor,CONCEPT_153,products,OC_MYSQL,0,1,0,0,0,0,1,0,0,0,productvendor:products:OC_MYSQL,products product vendor,0.7572883,0.671034518027845,0.99996525,0.9834700768346556,0.0188559241844453,0.027849862,774.14685,996.0252,0.2512436482961978,0.284517006881118,"products product vendor (Autoart Studio Design, Min Lin Diecast, Studio M Art Models, Second Gear Diecast, Classic Metal Creations)",0.8414797,1.0965889,0.03649645,2002.6837
CONCEPT_159,productdescription,CONCEPT_153,products,OC_MYSQL,0,1,0,0,0,0,1,0,0,0,productdescription:products:OC_MYSQL,products product description,0.7908519,0.6021385278248086,0.99699885,0.9915121392307036,0.0115772026388294,0.017931981,737.9961,1001.64343,0.1691621345779749,0.2614528207052077,"products product description (1:12 scale model of a 1968 Dodge Charger. Hood, doors and trunk all open to reveal highly detailed interior features. Steering wheel actually turns the front wheels. Color black, Features opening hood, opening doors, opening trunk, wide white wall tires, front door arm rests, working steering system., Measures 38 inches Long x 33 3/4 inches High. Includes a stand.  Many extras including rigging, long boats, pilot house, anchors, etc. Comes with 2 masts, all square-rigged, Model features, official Harley Davidson logos and insignias, detachable rear wheelie bar, heavy diecast metal with resin parts, authentic multi-color tampo-printed graphics, separate engine drive belts, free-turning front fork, rotating tires and rear racing slick, certificate of authenticity, detailed engine, display stand  , precision diecast replica, baked enamel finish, 1:10 scale model, removable fender, seat and tank cover piece for displaying the superior detail of the v-twin engine, Exact replica. 100+ parts. working steering system, original logos)",0.9334707,1.3097208,0.049242724,2077.699
CONCEPT_160,quantityinstock,CONCEPT_153,products,OC_MYSQL,1,0,0,0,0,0,1,0,0,0,quantityinstock:products:OC_MYSQL,products quantity in stock,0.80481577,0.93889138176596,1.0572269,1.3258677323320005,0.0421231904310782,0.033837702,906.3504,1028.92,0.5029711844453615,0.4197162347802645,"products quantity in stock (414, 2874, 1452, 6906, 2542)",0.7064829,1.0752565,0.027050167,1780.8466
CONCEPT_161,buyprice,CONCEPT_153,products,OC_MYSQL,0,0,0,0,0,0,1,0,0,0,buyprice:products:OC_MYSQL,products buy price,0.830921,0.9120367991444212,1.0435013,1.2497600787237992,0.0377824893306731,0.03273145,898.37445,1072.6194,0.5057806869582961,0.4537904370779192,"products buy price (29.18, 60.74, 66.74, 21.75, 34.0)",0.7558239,1.0854255,0.032150026,1884.484
CONCEPT_162,msrp,CONCEPT_153,products,OC_MYSQL,0,0,0,0,0,0,1,0,0,0,msrp:products:OC_MYSQL,products m srp,0.8656494,0.8652848277592602,1.0935063,1.14384477529388,0.0324224496131728,0.037963822,896.7824,1106.6044,0.5762758068096745,0.5719158534235365,"products m srp (68.79, 53.91, 136.59, 91.34, 117.44)",0.80747414,1.1201539,0.03782336,1975.981
CONCEPT_165,customerid,CONCEPT_164,customer,OC_HANA,1,0,0,0,1,0,0,0,0,0,customerid:customer:OC_HANA,customer customer id,0.68121654,0.5575589323073423,0.98788244,0.9904618512735748,0.0264808567786102,0.023397326,721.9662,998.2202,0.1709387378834062,0.2180958736143042,"customer customer id (39, 43, 83, 42, 29)",0.6704693,0.9826787,0.018475736,1750.7654
CONCEPT_166,cityid,CONCEPT_164,customer,OC_HANA,1,0,0,0,0,0,0,0,0,0,cityid:customer:OC_HANA,customer city id,0.7517447,0.6814954898614627,1.0619484,1.019444359475313,0.0344584149505095,0.031147247,784.3697,1055.0889,0.3821606226408762,0.4061891594506898,"customer city id (15, 9, 29, 21, 26)",0.6799875,0.9960267,0.022520095,1816.1501
CONCEPT_167,countryid,CONCEPT_164,customer,OC_HANA,1,0,0,0,0,0,0,0,0,0,countryid:customer:OC_HANA,customer country id,0.7310476,0.6692749638406442,1.0335525,1.0165320520273744,0.0326214930231476,0.028786855,761.6076,1028.4357,0.3172874102903361,0.3348790231851307,"customer country id (7, 11, 15, 8, 6)",0.6372947,0.9933804,0.021204716,1747.7446
CONCEPT_168,regionid,CONCEPT_164,customer,OC_HANA,1,0,0,0,0,0,0,0,0,0,regionid:customer:OC_HANA,customer region id,0.76851845,0.6993635616153453,1.0489222,1.0269101741160196,0.036485188287019,0.03393191,791.64746,1039.66,0.3791730346015526,0.4040572428487755,"customer region id (5, 1, 2, 4, 3)",0.71381783,1.0651063,0.028308386,1833.9534
CONCEPT_169,customer,CONCEPT_164,customer,OC_HANA,0,1,0,0,0,0,0,0,0,0,customer:customer:OC_HANA,customer customer,0.7805193,0.5959560862599711,1.0027751,1.0101858737121958,0.0284641946657234,0.03380428,718.96387,1056.883,0.2996724498049756,0.3887943159741472,"customer customer (Tekmigear, Alltabuy, Cylons R Us, Quebertini, Tekmubuy)",0.83587235,1.1415354,0.037338965,1975.4609
CONCEPT_170,cityname,CONCEPT_164,customer,OC_HANA,0,1,0,0,0,0,0,0,0,0,cityname:customer:OC_HANA,customer city name,0.8073118,0.684046664783414,1.0255941,1.0350122258638756,0.0359352096275721,0.03163221,772.62006,1084.3704,0.3815757643737804,0.4394551778805027,"customer city name (Toronto, Kyoto, London, Pragues, Marseilles)",0.90854836,1.0730156,0.035963956,2098.6094
CONCEPT_171,countryname,CONCEPT_164,customer,OC_HANA,0,1,0,0,0,0,0,0,0,0,countryname:customer:OC_HANA,customer country name,0.7880637,0.7063057712957028,1.0251577,1.0280481772104095,0.0375568799382767,0.034803957,772.4186,1075.1852,0.3998468060589605,0.433327651615186,"customer country name (Mexico, France, Spain, Japan, Colombia)",0.85951376,1.1372064,0.037868652,2055.5815
CONCEPT_172,regionname,CONCEPT_164,customer,OC_HANA,0,1,0,0,0,0,0,0,0,0,regionname:customer:OC_HANA,customer region name,0.79751563,0.7217654852940018,1.0274419,1.039513714250502,0.0393120320785319,0.03587875,788.0412,1058.4606,0.401494885588044,0.4325057508335888,"customer region name (EEMEA, Europe, North America, Latin America, Asia PAC)",0.9019246,1.1413655,0.040112164,1991.0676
CONCEPT_174,productid,CONCEPT_173,product,OC_HANA,1,0,0,0,1,0,0,0,0,0,productid:product:OC_HANA,product product id,0.72305137,0.5866615820601759,0.99374235,0.9716386657205092,0.0204700030404782,0.019513464,748.55225,975.2041,0.152820633374698,0.2105784658257666,"product product id (8, 34, 26, 50, 23)",0.6715598,1.009901,0.021661097,1769.5122
CONCEPT_175,categoryid,CONCEPT_173,product,OC_HANA,1,0,0,0,0,0,0,0,0,0,categoryid:product:OC_HANA,product category id,0.75719404,0.7089053891954871,1.0220492,1.0079793429265478,0.0272706567894538,0.022699289,805.87164,1002.49634,0.2790057801797375,0.2914815416954476,"product category id (5, 7, 9, 10, 13)",0.72911626,1.0326315,0.02659692,1842.4933
CONCEPT_176,lineid,CONCEPT_173,product,OC_HANA,1,0,0,0,0,0,0,0,0,0,lineid:product:OC_HANA,product line id,0.7308326,0.6719157755527302,1.0273731,1.0023080593377347,0.0248788260425065,0.0254805,770.13055,1001.51514,0.2705940356229918,0.2866031788640608,product line id (2),0.7882497,1.0789857,0.033816826,1882.861
CONCEPT_177,productname,CONCEPT_173,product,OC_HANA,0,1,0,0,0,0,0,0,0,0,productname:product:OC_HANA,product product name,0.76501054,0.5915012404119373,0.9925607,0.97375791348045,0.0175062191601208,0.017118217,723.9986,985.3296,0.1446429415837289,0.2263665755350758,"product product name (Berta Golf Clubs, Black diamond 6800, Nokia 7380, Tennis cap, Fusion Fridge)",0.8864019,1.1518312,0.04184268,2025.1072
CONCEPT_178,productdescription,CONCEPT_173,product,OC_HANA,0,1,0,0,0,0,0,0,0,0,productdescription:product:OC_HANA,product product description,0.81496173,0.5781426188833071,1.0032136,0.9939620702757392,0.0157244749839707,0.022182241,718.19183,1018.4059,0.1954073909717802,0.3161316464404023,"product product description (Nokia 6010, Samsung e335, UBR 7100, Golf Balls, XBOX)",0.87474984,1.1458138,0.0424908,1939.2981
CONCEPT_179,categoryname,CONCEPT_173,product,OC_HANA,0,1,0,0,0,0,0,0,0,0,categoryname:product:OC_HANA,product category name,0.81084675,0.7159514204579065,1.0007292,1.012121254181967,0.0258882437504972,0.021708533,791.95306,1030.3364,0.2794895556694707,0.3221404891577997,"product category name (Golf, Consoles, Ski, Nokia Handsets, nan)",0.9022532,1.0978111,0.03654924,2050.2976
CONCEPT_180,categorydescription,CONCEPT_173,product,OC_HANA,0,1,0,0,0,0,0,0,0,0,categorydescription:product:OC_HANA,product category description,0.83233976,0.7145587017007429,1.0081466,1.0545745481572262,0.024344765656631,0.022002371,788.65466,1031.0889,0.2872184630354549,0.3442657008405154,"product category description (Bikes, Motorola Handsets, Home Theater, nan, Ski)",0.8772135,1.0821747,0.036928196,2004.3691
CONCEPT_181,linename,CONCEPT_173,product,OC_HANA,0,1,0,0,0,0,0,0,0,0,linename:product:OC_HANA,product line name,0.789674,0.7092887192140936,1.0119117,1.0236913632286813,0.0248091735535145,0.023384145,765.6391,1022.4817,0.2854179422588547,0.3182868095682035,product line name (nan),0.79779625,1.0045965,0.017451573,1907.276
CONCEPT_182,linedescription,CONCEPT_173,product,OC_HANA,0,1,0,0,0,0,0,0,0,0,linedescription:product:OC_HANA,product line description,0.8129601,0.6694435454646114,1.0213267,1.0411749024621295,0.021618460187689,0.026686639,750.22656,1028.8698,0.2943093042156233,0.3637681627606594,product line description (Sports),0.89749163,1.0937659,0.043828342,2006.0178
CONCEPT_183,discontinued,CONCEPT_173,product,OC_HANA,1,0,0,0,0,0,0,0,0,0,discontinued:product:OC_HANA,product discontinued,0.8852218,0.6871617244537229,1.1372026,1.0040892641029453,0.024987907734653,0.040567692,777.48694,1078.2279,0.510758314719733,0.6163525985904833,product discontinued (1),0.8478539,1.1498038,0.040354926,1900.4432
CONCEPT_184,capacity,CONCEPT_173,product,OC_HANA,0,1,0,0,0,0,0,0,0,0,capacity:product:OC_HANA,product capacity,0.82673985,0.7169814759842618,1.0923245,1.0256510156691343,0.0269758692776353,0.0358116,798.78815,1060.407,0.4445009423661628,0.496669295984431,"product capacity (3.8 cu.ft., nan, 18 cu.ft., 22 cu.ft., 3.3 cu.ft.)",0.8060188,1.1156512,0.034512892,1988.3181
CONCEPT_185,screensize,CONCEPT_173,product,OC_HANA,0,1,0,0,0,0,0,0,0,0,screensize:product:OC_HANA,product screen size,0.8627343,0.8341728828616216,1.1250874,1.2070480056195865,0.0324357185997256,0.041023925,850.1423,1101.4901,0.5920475268756716,0.6028751057479494,product screen size (nan),0.82471424,1.0069131,0.0221251,1950.451
CONCEPT_187,orderid,CONCEPT_186,customerorder,OC_HANA,1,0,0,0,1,0,0,0,0,0,orderid:customerorder:OC_HANA,customer order order id,0.6463038,0.7437849948370069,0.99014497,1.014436399517578,0.0123947044284048,0.0066499473,806.9499,951.10175,0.1484154376643239,0.0714503778794717,"customer order order id (6745, 7615, 3767, 1697, 201)",0.6313023,0.9835492,0.015264326,1678.7408
CONCEPT_188,productid,CONCEPT_186,customerorder,OC_HANA,1,0,0,0,0,1,0,0,0,0,productid:customerorder:OC_HANA,customer order product id,0.6068749,0.7534163021438521,0.9800099,1.011885409324887,0.0152666680786272,0.009844572,824.8078,914.91864,0.1327807312127477,0.0255307039062311,"customer order product id (22, 2, 50, 36, 55)",0.62957555,0.9812643,0.013796567,1728.8502
CONCEPT_189,customerid,CONCEPT_186,customerorder,OC_HANA,1,0,0,0,0,1,0,0,0,0,customerid:customerorder:OC_HANA,customer order customer id,0.6508963,0.791569941093992,0.9872268,1.0061223973866054,0.0157619401521985,0.009382234,837.6269,961.41644,0.194973974531685,0.0947553971626389,"customer order customer id (73, 58, 59, 15, 107)",0.60813266,0.9923773,0.011027147,1672.0771
CONCEPT_190,employeeid,CONCEPT_186,customerorder,OC_HANA,1,0,0,0,0,0,0,0,0,0,employeeid:customerorder:OC_HANA,customer order employee id,0.6992595,0.818657468379152,0.98037887,0.9992441410623408,0.0188541775995049,0.022108326,846.87244,973.4606,0.2718612164048681,0.1874879429368824,"customer order employee id (27, 11, 17, 13, 5)",0.67496425,0.9838173,0.016437652,1774.0873
CONCEPT_191,promotionid,CONCEPT_186,customerorder,OC_HANA,1,0,0,0,0,0,0,0,0,0,promotionid:customerorder:OC_HANA,customer order promotion id,0.67509085,0.7771432090347988,0.9779189,0.9892248045008945,0.0158915062588751,0.017979247,826.99896,974.6967,0.2301711828144871,0.153199905711057,customer order promotion id (nan),0.721399,1.0310475,0.020656453,1810.7246
CONCEPT_192,territoryid,CONCEPT_186,customerorder,OC_HANA,1,0,0,0,0,0,0,0,0,0,territoryid:customerorder:OC_HANA,customer order territory id,0.7140257,0.8112293414278687,0.9892425,0.9959688832137872,0.0207531894528242,0.023438187,845.97296,1009.1681,0.3130996331449112,0.2421605905915049,customer order territory id (nan),0.71873826,1.045391,0.02401554,1851.1313
CONCEPT_193,orderperiodid,CONCEPT_186,customerorder,OC_HANA,1,0,0,0,0,0,0,0,0,0,orderperiodid:customerorder:OC_HANA,customer order order period id,0.6886757,0.8983808786207002,0.9852416,1.0396704117059328,0.0193020293968114,0.013878946,871.8288,1006.3207,0.3076813092180855,0.1729384717042502,"customer order order period id (2761, 2164, 1690, 2125, 2495)",0.627974,0.98928505,0.015059556,1706.785
CONCEPT_194,requiredperiodid,CONCEPT_186,customerorder,OC_HANA,1,0,0,0,0,0,0,0,0,0,requiredperiodid:customerorder:OC_HANA,customer order required period id,0.7417682,0.9159711514043168,1.0100439,1.0739155152263606,0.0230267202328947,0.021417087,889.6462,1042.138,0.4019070138085748,0.2912100426308356,"customer order required period id (1653, 2486, 2670, 1726, 2935)",0.6913592,1.0015261,0.021261161,1785.3445
CONCEPT_195,shippedperiodid,CONCEPT_186,customerorder,OC_HANA,1,0,0,0,0,0,0,0,0,0,shippedperiodid:customerorder:OC_HANA,customer order shipped period id,0.73852974,0.9171433059958328,1.0153867,1.033235039894427,0.0215410644904234,0.021816865,888.1558,1036.4388,0.4062094556455678,0.2928163689291042,"customer order shipped period id (1688, 2710, 1537, 1490, 2235)",0.6780836,0.99478203,0.019158894,1771.809
CONCEPT_196,shipperid,CONCEPT_186,customerorder,OC_HANA,1,0,0,0,0,0,0,0,0,0,shipperid:customerorder:OC_HANA,customer order shipper id,0.71329635,0.8162468112371059,0.97860456,0.9878796949959658,0.019320198997319,0.021472797,848.66235,996.971,0.2861925845889278,0.2120433645686452,"customer order shipper id (7.0, 3.0, nan, 9.0, 5.0)",0.6822209,1.0328147,0.021459049,1764.4773
CONCEPT_197,unitprice,CONCEPT_186,customerorder,OC_HANA,1,0,0,0,0,0,0,0,0,0,unitprice:customerorder:OC_HANA,customer order unit price,0.731811,0.8548054382904919,1.0491341,1.0116172978962157,0.0258372291640071,0.027013527,865.64984,1011.46356,0.4065115535250233,0.3229923171576055,"customer order unit price (2000, 190, 1300, 500, 15)",0.7316033,1.0555114,0.028930949,1863.0007
CONCEPT_198,quantity,CONCEPT_186,customerorder,OC_HANA,1,0,0,0,0,0,0,0,0,0,quantity:customerorder:OC_HANA,customer order quantity,0.7194071,0.6945235121113867,1.0162446,1.007342441161618,0.0141218085566499,0.021934772,784.3295,994.98645,0.249554761545209,0.245936539834045,"customer order quantity (1145, 430, 1776, 272, 19)",0.68160075,0.9926669,0.018816693,1739.2274
CONCEPT_199,discount,CONCEPT_186,customerorder,OC_HANA,1,0,0,0,0,0,0,0,0,0,discount:customerorder:OC_HANA,customer order discount,0.74210113,0.7683611243578317,1.0121914,1.0112973423788398,0.0207776943840654,0.026757618,814.97076,995.16016,0.3061606216387864,0.2765049820854843,"customer order discount (16, 23, 28, 18, 19)",0.69448453,0.98478127,0.019724194,1806.6011
CONCEPT_200,unitsales,CONCEPT_186,customerorder,OC_HANA,1,0,0,0,0,0,0,0,0,0,unitsales:customerorder:OC_HANA,customer order unit sales,0.7380951,0.880278170770444,1.0787247,1.0190250978780866,0.0270507721897118,0.030435868,864.5363,999.40784,0.4497652490390341,0.3562835287702038,"customer order unit sales (35530, 344896, 60690, 47321, 165155)",0.640917,1.0000676,0.01987824,1678.5024
CONCEPT_201,netsales,CONCEPT_186,customerorder,OC_HANA,1,0,0,0,0,0,0,0,0,0,netsales:customerorder:OC_HANA,customer order net sales,0.7748993,0.9354049890713791,1.0950474,1.0761803280460156,0.0326651074333448,0.033973087,895.71326,1032.288,0.5384786809677516,0.4381559380886261,"customer order net sales (20239.8, 146862.0, 8539.8, 266860.8, 267279.0)",0.6637403,1.0011711,0.021615824,1696.151
CONCEPT_202,unitcost,CONCEPT_186,customerorder,OC_HANA,1,0,0,0,0,0,0,0,0,0,unitcost:customerorder:OC_HANA,customer order unit cost,0.7741193,0.8751763922504521,1.0594184,1.0196197942392466,0.0268798100818684,0.03018196,879.30194,1054.3785,0.477510332152136,0.4096735399019466,"customer order unit cost (63, 142, 67, 412, 375)",0.72765785,1.0438457,0.027024074,1801.8527
CONCEPT_203,freight,CONCEPT_186,customerorder,OC_HANA,0,1,0,0,0,0,0,0,0,0,freight:customerorder:OC_HANA,customer order freight,0.74320537,0.8257279289182499,1.0644498,1.0451143855822342,0.0269847042639703,0.0302406,854.1038,1007.48413,0.4125689996399087,0.3522001806168843,customer order freight (nan),0.77058357,1.0036687,0.026251083,1886.8892
CONCEPT_204,cost,CONCEPT_186,customerorder,OC_HANA,1,0,0,0,0,0,0,0,0,0,cost:customerorder:OC_HANA,customer order cost,0.7541253,0.7514906077733555,1.026559,1.0120383972679616,0.0188891945502973,0.02460667,816.29333,1046.1235,0.347389473644548,0.3345992947668103,"customer order cost (592350, 183300, 1410, 65216, 27540)",0.70205766,0.99154073,0.020545471,1764.415
CONCEPT_205,quantityordered,CONCEPT_186,customerorder,OC_HANA,0,1,0,0,0,0,0,0,0,0,quantityordered:customerorder:OC_HANA,customer order quantity ordered,0.7056296,0.852369902643126,1.0068082,1.003529231426056,0.0255180832783761,0.020072157,854.33563,975.46313,0.3039600993659136,0.2051668954594471,customer order quantity ordered (nan),0.72083426,1.0318388,0.02217263,1798.9374
CONCEPT_206,deliveredperiodid,CONCEPT_186,customerorder,OC_HANA,0,1,0,0,0,0,0,0,0,0,deliveredperiodid:customerorder:OC_HANA,customer order delivered period id,0.71769863,0.8862830420795266,1.0006423,1.0283682671330443,0.0230185021945481,0.020932043,874.235,1027.8262,0.3671067602365333,0.2573987237584113,customer order delivered period id (nan),0.73348457,1.030638,0.024284957,1846.3698
