id,refined_local_name,parent_id,refined_local_name_p,schema,vec_datatype_numeric,vec_datatype_text,vec_datatype_date,vec_datatype_miscellaneous,vec_constraint_pk,vec_constraint_fk,vec_constraint_notnull,vec_constraint_default,vec_constraint_unique,vec_constaint_check,concept_concat_info,concept_concat_sgtrt5,concept_concat_sgtrt5_dtype_constraints,reconstruction_error_zscore_sgtrt5,reconstruction_error_zscore_glove,reconstruction_error_01lof_sgtrt5,reconstruction_error_01lof_glove,reconstruction_error_01pca2_glove,reconstruction_error_01pca2_sgtrt5,reconstruction_error_01ae_v0_glove_b10,reconstruction_error_01ae_v0_sgtrt5_b10,reconstruction_error_ensemble_AHMb,reconstruction_error_ensemble_APC,concept_concat_schema_instances_sgtrt5,reconstruction_error_zscore_sgtrt5_si,reconstruction_error_01lof_sgtrt5_si,reconstruction_error_01pca2_sgtrt5_si,reconstruction_error_01ae_v0_sgtrt5_si_b10
CONCEPT_3,region id,CONCEPT_2,regions,HR_ORACLE,1,0,0,0,1,0,0,0,0,0,region id:regions:HR_ORACLE,regions region id,regions region id numeric primary key,0.8674633,0.7498218640231367,1.054675,1.0866894988627072,0.0511139019978422,0.042531323,868.33344,1066.3125,0.6223371248335093,0.5486101943650514,regions region id (4),0.87832814,1.1580392,0.040881176,1985.3098
CONCEPT_4,region name,CONCEPT_2,regions,HR_ORACLE,0,1,0,0,0,0,0,0,0,0,region name:regions:HR_ORACLE,regions region name,regions region name text,0.93759793,0.7727787953506511,1.1230073,1.10240181546831,0.0477365581309385,0.047439802,854.7685,1121.8606,0.802543415400598,0.688932365213563,regions region name (Asia),0.95214003,1.1150991,0.04093052,2088.2334
CONCEPT_6,country id,CONCEPT_5,countries,HR_ORACLE,0,0,0,0,1,0,0,0,0,0,country id:countries:HR_ORACLE,countries country id,countries country id primary key,0.86899716,0.7355185487995378,1.0745503,1.1059962912672652,0.0459387027278793,0.043027956,810.324,1096.4003,0.6573061884388474,0.575723640183996,"countries country id (CH, DE, ML, JP, KW)",0.8899941,1.1120516,0.04116277,2050.1914
CONCEPT_7,country name,CONCEPT_5,countries,HR_ORACLE,0,1,0,0,0,0,0,0,0,0,country name:countries:HR_ORACLE,countries country name,countries country name text,0.93888885,0.7590606473808743,1.0947077,1.163457301046713,0.0434796349268724,0.04777795,800.6881,1138.1232,0.8024978313500838,0.6814828355767306,"countries country name (Nigeria, India, Italy, Belgium, Brazil)",0.9778554,1.132806,0.044325765,2204.1794
CONCEPT_8,region id,CONCEPT_5,countries,HR_ORACLE,1,0,0,0,0,1,0,0,0,0,region id:countries:HR_ORACLE,countries region id,countries region id numeric foreign key,0.88388747,0.8855664369240837,1.0597782,1.1505814631928115,0.0563868470277255,0.04373959,887.9712,1092.2142,0.6585828747969396,0.6370075238037914,countries region id (nan),0.8622443,1.0213783,0.02828511,2006.4082
CONCEPT_10,location id,CONCEPT_9,locations,HR_ORACLE,1,0,0,0,1,0,0,0,0,0,location id:locations:HR_ORACLE,locations location id,locations location id numeric primary key,0.8453646,0.7744147118190718,1.0578275,1.0675187346386052,0.0407655201243848,0.037293885,783.5054,1035.5541,0.5276378541183944,0.4814897133632109,"locations location id (2000, 2400, 2900, 1600, 1900)",0.7944341,1.1434358,0.031847265,1813.4662
CONCEPT_11,street address,CONCEPT_9,locations,HR_ORACLE,0,1,0,0,0,0,0,0,0,0,street address:locations:HR_ORACLE,locations street address,locations street address text,0.93113256,0.8930090817239774,1.0461612,1.029804633518196,0.0473467894130463,0.044719815,828.66644,1081.0518,0.6671627572093151,0.614936346015041,"locations street address (Mariano Escobedo 9991, 2011 Interiors Blvd, 147 Spadina Ave, 2007 Zagora St, 1298 Vileparle (E))",0.9299237,1.155853,0.038518813,2001.0204
CONCEPT_12,postal code,CONCEPT_9,locations,HR_ORACLE,0,1,0,0,0,0,0,0,0,0,postal code:locations:HR_ORACLE,locations postal code,locations postal code text,0.89481336,0.8455037431835173,1.0302799,1.0527298684088686,0.0432768876701459,0.041985136,795.8194,1084.0146,0.6210774302040805,0.5727052776639072,"locations postal code (540198, nan, 1689, 00989, 80925)",0.8004179,1.1445254,0.03596523,1880.7117
CONCEPT_13,city,CONCEPT_9,locations,HR_ORACLE,0,1,0,0,0,0,0,0,0,0,city:locations:HR_ORACLE,locations city,locations city text,0.90125686,0.7265171496234374,1.0377951,1.0125759913844958,0.0336972281356179,0.04009355,750.0724,1067.386,0.6166852774460521,0.5075309192681193,"locations city (Hiroshima, Seattle, Oxford, Bombay, Tokyo)",0.9954421,1.0542006,0.04404067,2147.3977
CONCEPT_14,state province,CONCEPT_9,locations,HR_ORACLE,0,1,0,0,0,0,0,0,0,0,state province:locations:HR_ORACLE,locations state province,locations state province text,0.92255884,0.9288588858517898,1.090719,1.0512323566750366,0.0513893094119691,0.04925893,849.38916,1145.5464,0.7923818348953833,0.7632643202759608,"locations state province (Texas, Oxford, Utrecht, Washington, Tokyo Prefecture)",0.99798363,1.0911332,0.044276047,2143.581
CONCEPT_15,country id,CONCEPT_9,locations,HR_ORACLE,0,0,0,0,0,1,0,0,0,0,country id:locations:HR_ORACLE,locations country id,locations country id foreign key,0.8561461,0.7419521174998297,1.0463012,1.0299053376255367,0.0366819642903255,0.039269835,763.07544,1058.9894,0.5762856386565905,0.5070298834918707,"locations country id (CA, IN, US, UK, DE)",0.88987476,1.1096648,0.04131845,1986.4186
CONCEPT_17,department id,CONCEPT_16,departments,HR_ORACLE,1,0,0,0,1,0,0,0,0,0,department id:departments:HR_ORACLE,departments department id,departments department id numeric primary key,0.8384226,0.8011248924325001,1.0823458,1.1338908287024163,0.0421587842057959,0.04044308,809.8785,1061.5483,0.6014413055189314,0.5729112721147627,"departments department id (180, 80, 250, 60, 110)",0.80030435,1.1283875,0.033139344,1915.4218
CONCEPT_18,department name,CONCEPT_16,departments,HR_ORACLE,0,1,0,0,0,0,0,0,0,0,department name:departments:HR_ORACLE,departments department name,departments department name text,0.9069527,0.7859238606075362,1.1100546,1.0954735266367033,0.0381385386897471,0.043534815,777.7102,1114.1534,0.7389101449553473,0.6536579944811612,"departments department name (Purchasing, Accounting, Retail Sales, Government Sales, Corporate Tax)",0.93275356,1.1479203,0.042520657,2094.0334
CONCEPT_19,manager id,CONCEPT_16,departments,HR_ORACLE,1,0,0,0,0,1,0,0,0,0,manager id:departments:HR_ORACLE,departments manager id,departments manager id numeric foreign key,0.79935026,0.833080420638451,1.0876635,1.1368662295525764,0.0440056274137831,0.035584282,823.92267,1033.2765,0.5195579542942512,0.534352663067329,"departments manager id (108, 100, 201, 205, 203)",0.693448,1.0386561,0.021620974,1767.8488
CONCEPT_20,location id,CONCEPT_16,departments,HR_ORACLE,1,0,0,0,0,1,0,0,0,0,location id:departments:HR_ORACLE,departments location id,departments location id numeric foreign key,0.77925926,0.8086735493971666,1.0450104,1.1574838251342252,0.0438749392432004,0.032418832,812.0623,1003.22754,0.4220499511295906,0.4398597581921635,"departments location id (1700, 2700, 1400, 1500, 2400)",0.7302263,1.0898545,0.024342483,1756.6171
CONCEPT_22,job id,CONCEPT_21,jobs,HR_ORACLE,0,1,0,0,1,0,0,0,0,0,job id:jobs:HR_ORACLE,jobs job id,jobs job id text primary key,0.79530936,0.9109131966366936,1.0402695,1.2194392156824212,0.0519559425463288,0.030731803,917.1183,1019.4104,0.4274341004860075,0.4818625042871988,"jobs job id (ST_CLERK, AD_PRES, FI_MGR, AD_VP, MK_MAN)",0.8432398,1.1652087,0.035208166,1902.3964
CONCEPT_23,job title,CONCEPT_21,jobs,HR_ORACLE,0,1,0,0,0,0,0,0,0,0,job title:jobs:HR_ORACLE,jobs job title,jobs job title text,0.8773574,0.9459904381925294,1.0634351,1.3366323085402716,0.052904953530692,0.03755984,919.106,1069.5619,0.5974160518081258,0.6090629461275916,"jobs job title (Stock Manager, Shipping Clerk, Marketing Representative, Sales Representative, Public Accountant)",0.9143936,1.1150378,0.040461775,1967.2661
CONCEPT_24,min salary,CONCEPT_21,jobs,HR_ORACLE,1,0,0,0,0,0,0,0,0,0,min salary:jobs:HR_ORACLE,jobs min salary,jobs min salary numeric,0.96504015,1.0467942018583385,1.1378328,1.3298728676084908,0.0631608302385016,0.043148696,948.4407,1138.5095,0.8280698895897126,0.8238625853548939,"jobs min salary (20080, 4500, 4000, 5500, 15000)",0.8774001,1.1507561,0.036109082,1993.5875
CONCEPT_25,max salary,CONCEPT_21,jobs,HR_ORACLE,1,0,0,0,0,0,0,0,0,0,max salary:jobs:HR_ORACLE,jobs max salary,jobs max salary numeric,0.964513,1.00393574947106,1.1388897,1.3511041535120245,0.0605791153549377,0.046086237,940.92303,1145.1895,0.8480977230282966,0.8240562917840079,"jobs max salary (5500, 10500, 8500, 40000, 30000)",0.8814636,1.1800793,0.036474165,1979.5669
CONCEPT_27,employee id,CONCEPT_26,employees,HR_ORACLE,1,0,0,0,1,0,0,0,0,0,employee id:employees:HR_ORACLE,employees employee id,employees employee id numeric primary key,0.77831936,0.6131269380548626,1.0056578,0.9998103922517296,0.018667939084683,0.025523067,714.9284,981.3291,0.32261521271804,0.2488700334590592,"employees employee id (179, 205, 182, 159, 143)",0.7264126,1.0341297,0.019959213,1767.3911
CONCEPT_28,first name,CONCEPT_26,employees,HR_ORACLE,0,1,0,0,0,0,0,0,0,0,first name:employees:HR_ORACLE,employees first name,employees first name text,0.8200728,0.7538087956235495,1.0011984,0.9974220017132068,0.0252745321776779,0.024533542,759.36554,1004.65985,0.3748931532944453,0.3373134792530601,"employees first name (Girard, Michael, Daniel, Danielle, Stephen)",0.9291725,1.1205559,0.040009182,2037.6847
CONCEPT_29,last name,CONCEPT_26,employees,HR_ORACLE,0,1,0,0,0,0,0,0,0,0,last name:employees:HR_ORACLE,employees last name,employees last name text,0.799984,0.7344605985315682,1.0021839,0.9984069729708624,0.0232142236020342,0.02396071,739.15894,999.0435,0.3557286164828237,0.3235485040680864,"employees last name (Kaufling, Mourgos, Grant, Zlotkey, Weiss)",0.8935356,1.0546564,0.034456268,1955.78
CONCEPT_30,email,CONCEPT_26,employees,HR_ORACLE,0,1,0,0,0,0,0,0,0,0,email:employees:HR_ORACLE,employees email,employees email text,0.87114686,0.7112159174129928,1.0162153,1.0037837327240036,0.0210899376363087,0.029081514,736.32855,1026.4487,0.4695182070460509,0.3749183093972246,"employees email (RLADWIG, LSMITH, JLANDRY, GHIMURO, SMCCAIN)",0.88597745,1.1060666,0.034399506,1940.9631
CONCEPT_31,phone number,CONCEPT_26,employees,HR_ORACLE,0,1,0,0,0,0,0,0,0,0,phone number:employees:HR_ORACLE,employees phone number,employees phone number text,0.8621548,0.8574430051053507,1.0071133,1.0038636428401282,0.0335877044484722,0.03038918,804.8291,1027.7375,0.4657093287245352,0.4465831090974825,"employees phone number (650.127.1934, 650.505.2876, 011.44.1345.529268, 011.44.1344.345268, 011.44.1343.629268)",0.8006189,1.0936509,0.03018453,1815.1443
CONCEPT_32,hire date,CONCEPT_26,employees,HR_ORACLE,0,0,1,0,0,0,0,0,0,0,hire date:employees:HR_ORACLE,employees hire date,employees hire date date,0.92595977,0.8677041106936271,1.0735682,1.0163583210594054,0.0353114483233127,0.03898556,809.1916,1128.5654,0.7056547287493826,0.6452328722532115,"employees hire date (15-NOV-06, 23-FEB-08, 10-MAR-05, 26-AUG-06, 03-FEB-08)",0.8673296,1.0946177,0.03625082,2012.6598
CONCEPT_33,job id,CONCEPT_26,employees,HR_ORACLE,0,1,0,0,0,1,0,0,0,0,job id:employees:HR_ORACLE,employees job id,employees job id text foreign key,0.7629361,0.7733117173261663,1.0152798,0.9958741799522274,0.0249291180154326,0.021750495,776.69183,969.5433,0.2843938210501624,0.2973271191511024,"employees job id (AC_ACCOUNT, AD_VP, SH_CLERK, PU_MAN, AC_MGR)",0.8395915,1.1328903,0.034602303,1899.0414
CONCEPT_34,salary,CONCEPT_26,employees,HR_ORACLE,1,0,0,0,0,0,0,0,0,0,salary:employees:HR_ORACLE,employees salary,employees salary numeric,0.9678526,0.7566283805795585,1.013337,1.0083331055684064,0.0252158789069294,0.03583342,750.6133,1123.8284,0.6696388541355135,0.5265337564317074,"employees salary (7300, 2400, 11000, 4800, 3300)",0.8634179,1.095785,0.03171544,1887.0133
CONCEPT_35,commission pct,CONCEPT_26,employees,HR_ORACLE,1,0,0,0,0,0,0,0,0,0,commission pct:employees:HR_ORACLE,employees commission pct,employees commission pct numeric,0.95517844,0.92673921870609,1.1988356,1.064532714076374,0.0400339455818924,0.04702096,834.1747,1149.482,0.8999873795694565,0.8462837679630072,"employees commission pct (0.15, 0.25, 0.2, nan, 0.4)",0.8646157,1.1643435,0.041101735,1975.207
CONCEPT_36,manager id,CONCEPT_26,employees,HR_ORACLE,1,0,0,0,0,1,0,0,0,0,manager id:employees:HR_ORACLE,employees manager id,employees manager id numeric foreign key,0.8139575,0.7881346579336395,1.0225451,0.9911126305198468,0.0272404219445048,0.030557213,791.4607,1017.8898,0.4339581581054694,0.4169909608844784,"employees manager id (122, 123, 108, 148, 101)",0.73853594,1.0271252,0.021975294,1774.2701
CONCEPT_37,department id,CONCEPT_26,employees,HR_ORACLE,1,0,0,0,0,1,0,0,0,0,department id:employees:HR_ORACLE,employees department id,employees department id numeric foreign key,0.74614364,0.7551537939502517,1.03291,0.9956790904323608,0.0248840992042972,0.024459414,776.0841,963.60864,0.298865814245454,0.3153766079322304,"employees department id (80, 90, 10, 40, 50)",0.7185777,1.0224891,0.02439675,1751.6757
CONCEPT_39,employee id,CONCEPT_38,job history,HR_ORACLE,1,0,0,0,0,1,0,0,0,0,employee id:job history:HR_ORACLE,job history employee id,job history employee id numeric foreign key,0.7767108,0.979385773283998,1.0129892,1.229496604288678,0.0691054177111009,0.025878603,975.75,1016.88,0.3666473641124378,0.4668207118361901,"job history employee id (176, 201, 114, 102, 101)",0.723103,1.0458312,0.021443827,1728.9229
CONCEPT_40,start date,CONCEPT_38,job history,HR_ORACLE,0,0,1,0,0,0,0,0,0,0,start date:job history:HR_ORACLE,job history start date,job history start date date,0.91181785,1.0420517628212476,1.1035669,1.2603464853904696,0.0739377300814476,0.039951593,980.7607,1123.8779,0.7067776143532948,0.7388169418641299,"job history start date (17-FEB-04, 24-MAR-06, 28-OCT-01, 01-JAN-07, 01-JUL-02)",0.88469815,1.1363413,0.03731673,2022.0521
CONCEPT_41,end date,CONCEPT_38,job history,HR_ORACLE,0,0,1,0,0,0,0,0,0,0,end date:job history:HR_ORACLE,job history end date,job history end date date,0.910873,1.0600255500348394,1.0819875,1.2704200113878723,0.0762613088547253,0.04000018,987.46063,1108.5507,0.687441845431141,0.7286421671690113,"job history end date (31-DEC-06, 15-MAR-05, 19-DEC-07, 24-JUL-06, 31-DEC-07)",0.8813866,1.1519711,0.037642498,1978.386
CONCEPT_42,job id,CONCEPT_38,job history,HR_ORACLE,0,1,0,0,0,1,0,0,0,0,job id:job history:HR_ORACLE,job history job id,job history job id text foreign key,0.8116496,0.9909342833226196,1.0918456,1.211230341341918,0.0688124482114337,0.031993177,977.2939,1042.0945,0.4887657407167181,0.5691229923434191,"job history job id (AD_ASST, ST_CLERK, IT_PROG, AC_ACCOUNT, SA_MAN)",0.8512853,1.1701335,0.03737575,1935.4563
CONCEPT_43,department id,CONCEPT_38,job history,HR_ORACLE,1,0,0,0,0,1,0,0,0,0,department id:job history:HR_ORACLE,job history department id,job history department id numeric foreign key,0.8164642,0.9727763599467052,1.0538251,1.228115467431551,0.0684851733142134,0.032531742,976.4302,1038.445,0.4923021422393771,0.5606134413440047,"job history department id (90, 20, 80, 60, 110)",0.7225445,1.075804,0.027824601,1824.443
CONCEPT_46,customer id,CONCEPT_45,customers,OC_ORACLE,1,0,0,0,1,0,0,0,0,0,customer id:customers:OC_ORACLE,customers customer id,customers customer id numeric primary key,0.65374213,0.532706372925975,0.9720673,0.9813222128877828,0.0228922305333442,0.020665625,661.1182,954.6214,0.1654235710114823,0.1438241964386986,"customers customer id (22, 261, 310, 379, 367)",0.67693156,0.98776823,0.017788403,1708.1979
CONCEPT_47,email address,CONCEPT_45,customers,OC_ORACLE,0,1,0,0,0,0,0,0,0,0,email address:customers:OC_ORACLE,customers email address,customers email address text,0.7891555,0.8092311969697583,1.0192794,1.0021942651643725,0.0411902730781315,0.0343549,781.81635,1015.0696,0.4240128793773865,0.434930026733705,"customers email address (dania.grizzard@internalmail, adan.lamica@internalmail, frank.perez@internalmail, margaret.bennett@internalmail, james.smith@internalmail)",0.8130041,1.1980968,0.035440635,1866.9122
CONCEPT_48,full name,CONCEPT_45,customers,OC_ORACLE,0,1,0,0,0,0,0,0,0,0,full name:customers:OC_ORACLE,customers full name,customers full name text,0.74413395,0.63379926528764,1.0008721,1.00516767488637,0.028187414626012,0.031840578,684.1294,987.2502,0.3435661406321946,0.3042900913484125,"customers full name (Chassidy Hinderaker, Dorathy Hutchings, Michael Marker, Leon Schoepfer, Scotty Goffredo)",0.857214,1.1058345,0.035837788,1890.4497
CONCEPT_50,store id,CONCEPT_49,stores,OC_ORACLE,1,0,0,0,1,0,0,0,0,0,store id:stores:OC_ORACLE,stores store id,stores store id numeric primary key,0.7564457,0.6393024274706169,1.0697675,1.0435181765425428,0.0359233723884833,0.033424255,744.72626,982.98706,0.4056872618819375,0.3601046460646222,"stores store id (10, 16, 9, 11, 8)",0.71045494,1.0178568,0.024409542,1765.2103
CONCEPT_51,store name,CONCEPT_49,stores,OC_ORACLE,0,1,0,0,0,0,0,0,0,0,store name:stores:OC_ORACLE,stores store name,stores store name text,0.8081419,0.6622593587981314,1.0622045,1.0517508449175703,0.0315182191219671,0.034337297,730.49603,998.4367,0.4590014606485321,0.3868670273460918,"stores store name (Mexico City, Sydney, London, Madrid, Online)",0.9052882,1.0908915,0.03827061,1982.773
CONCEPT_52,web address,CONCEPT_49,stores,OC_ORACLE,0,1,0,0,0,0,0,0,0,0,web address:stores:OC_ORACLE,stores web address,stores web address text,0.89004105,0.837782861086177,1.1195796,1.046383160117898,0.042822692513584,0.044617254,807.81714,1120.4432,0.7374814488191788,0.6889182642543886,stores web address (nan),0.8705368,1.0206312,0.031369388,2022.645
CONCEPT_53,physical address,CONCEPT_49,stores,OC_ORACLE,0,1,0,0,0,0,0,0,0,0,physical address:stores:OC_ORACLE,stores physical address,stores physical address text,0.84559965,0.8394059949468349,1.0565051,1.0282156048519708,0.0444435955204804,0.040372718,789.16437,1064.694,0.5721204583219004,0.5564571740325325,"stores physical address (First International Financial Center     Unit No. 501, Level 5     No. C54 1, G Block     Bandra Kurla Complex     CTS No. 4207, Kolekalyan Village     Mumbai - 400 051     India, 205 Lexington Ave     7th Floor     New York, NY 10016, Hertogswetering 163-167, 3543 AS Utrecht, Netherlands, 2 Chome-5-? Kitaaoyama, Minato City, Tokyo 107-0061, Japan, Montes Urales # 470 P3 Col. Lomas de Chapultepec Delegacion Miguel Hidalgo - C.P. 11000)",0.7962161,1.12017,0.03312445,1914.4158
CONCEPT_54,latitude,CONCEPT_49,stores,OC_ORACLE,1,0,0,0,0,0,0,0,0,0,latitude:stores:OC_ORACLE,stores latitude,stores latitude numeric,0.8867738,0.8290985027270112,1.0580367,1.0757901470333509,0.0450526335950111,0.04310897,820.66064,1071.0883,0.6274658993898043,0.5771689684696202,"stores latitude (nan, 41.878751, 52.103263, 40.745216, 32.100664)",0.8146699,1.1295261,0.03606696,1896.1553
CONCEPT_55,longitude,CONCEPT_49,stores,OC_ORACLE,1,0,0,0,0,0,0,0,0,0,longitude:stores:OC_ORACLE,stores longitude,stores longitude numeric,0.90410733,0.8419026557911501,1.0806316,1.0752172891261178,0.0446603821663238,0.044136602,807.43787,1075.8677,0.6665376662247497,0.6097467636436331,"stores longitude (77.220135, 72.870143, 139.718584, 116.290061, -122.267237)",0.86630964,1.2101959,0.040786244,1933.3284
CONCEPT_56,logo,CONCEPT_49,stores,OC_ORACLE,0,0,0,1,0,0,0,0,0,0,logo:stores:OC_ORACLE,stores logo,stores logo miscellaneous,0.871085,0.7803875814588777,1.1135991,1.0869786285085168,0.039518659910193,0.040452827,796.9326,1060.2941,0.6523978094421029,0.5904692398480992,stores logo ((BLOB)),0.904764,1.1488149,0.039518442,2008.907
CONCEPT_57,logo mime type,CONCEPT_49,stores,OC_ORACLE,0,1,0,0,0,0,0,0,0,0,logo mime type:stores:OC_ORACLE,stores logo mime type,stores logo mime type text,0.9016919,0.993573542428708,1.1526296,1.1234256638544105,0.0550119138723343,0.041084114,894.2627,1099.015,0.7480913675487403,0.7645864777628603,stores logo mime type (nan),0.86509496,1.0379187,0.025689868,1984.5308
CONCEPT_58,logo filename,CONCEPT_49,stores,OC_ORACLE,0,1,0,0,0,0,0,0,0,0,logo filename:stores:OC_ORACLE,stores logo filename,stores logo filename text,0.86890984,0.8966430820849649,1.1285332,1.114094860267398,0.0462505816236935,0.038843077,854.8272,1053.3942,0.6215129086925513,0.6159920395622263,stores logo filename (nan),0.8381389,1.0108039,0.021051742,1934.573
CONCEPT_59,logo charset,CONCEPT_49,stores,OC_ORACLE,0,1,0,0,0,0,0,0,0,0,logo charset:stores:OC_ORACLE,stores logo char set,stores logo char set text,0.8737936,0.980304618736908,1.134752,1.1126451732388318,0.0549842644232203,0.04124434,920.95874,1076.0111,0.6889268503168919,0.7193357946574773,stores logo char set (nan),0.8319356,1.0227324,0.02499565,1927.6791
CONCEPT_60,logo last updated,CONCEPT_49,stores,OC_ORACLE,0,0,1,0,0,0,0,0,0,0,logo last updated:stores:OC_ORACLE,stores logo last updated,stores logo last updated date,0.8567953,0.9695636903504686,1.1128106,1.09226532287085,0.0566107151725646,0.039749797,904.3675,1046.1995,0.6175928913687627,0.6552265852465925,stores logo last updated (nan),0.8305481,1.0087858,0.022671929,1908.0862
CONCEPT_62,product id,CONCEPT_61,products,OC_ORACLE,1,0,0,0,1,0,0,0,0,0,product id:products:OC_ORACLE,products product id,products product id numeric primary key,0.69311446,0.5887913276542864,0.9944245,0.988360035976974,0.0186310972319525,0.019708373,696.12415,930.09503,0.180210717367518,0.1565962502081938,"products product id (38, 8, 45, 40, 17)",0.672091,1.0109036,0.019913256,1710.5244
CONCEPT_63,product name,CONCEPT_61,products,OC_ORACLE,0,1,0,0,0,0,0,0,0,0,product name:products:OC_ORACLE,products product name,products product name text,0.767083,0.6117482589818009,0.99305993,0.9840381340106644,0.0114804339618145,0.013336539,680.7555,944.6081,0.2114394740680631,0.14516869634442,"products product name (Girl's Shorts (Green), Women's Trousers (Blue), Women's Pyjamas (Grey), Boy's Jeans (Black), Men's Shorts (Black))",0.883825,1.1388506,0.040193185,2050.7168
CONCEPT_64,unit price,CONCEPT_61,products,OC_ORACLE,1,0,0,0,0,0,0,0,0,0,unit price:products:OC_ORACLE,products unit price,products unit price numeric,0.8421993,0.7999109724732645,1.0429002,1.0099664525767929,0.0271951841794532,0.028837599,756.92065,1015.1399,0.4548395519386773,0.4230061179579296,"products unit price (39.78, 16.67, 37.34, 34.06, 48.75)",0.77940655,1.079771,0.03129226,1804.0511
CONCEPT_65,product details,CONCEPT_61,products,OC_ORACLE,0,0,0,1,0,0,0,0,0,0,product details:products:OC_ORACLE,products product details,products product details miscellaneous,0.74232775,0.6443644674240466,0.9951655,0.9952604569739092,0.0155822965804935,0.01669615,696.3872,983.37213,0.2491548727632784,0.2161681851230527,products product details ((BLOB)),0.8192466,1.1279534,0.033097353,1886.265
CONCEPT_66,product image,CONCEPT_61,products,OC_ORACLE,0,0,0,1,0,0,0,0,0,0,product image:products:OC_ORACLE,products product image,products product image miscellaneous,0.79818887,0.7135659917107186,0.9983486,1.005698130510409,0.0148334656476691,0.017183574,730.72064,979.7721,0.2919353022920649,0.2511977170720476,products product image ((BLOB)),0.8498437,1.1319906,0.03460153,1939.7013
CONCEPT_67,image mime type,CONCEPT_61,products,OC_ORACLE,0,1,0,0,0,0,0,0,0,0,image mime type:products:OC_ORACLE,products image mime type,products image mime type text,0.8872706,0.981487220412693,1.0949032,1.0922093444655452,0.0350697583920474,0.034145948,867.64844,1092.1078,0.6419139607690632,0.6631358758105479,products image mime type (nan),0.8383171,1.0062401,0.019821329,1975.8448
CONCEPT_68,image filename,CONCEPT_61,products,OC_ORACLE,0,1,0,0,0,0,0,0,0,0,image filename:products:OC_ORACLE,products image filename,products image filename text,0.8020045,0.8695276193424352,1.0313166,1.0092707061215225,0.0250558270088667,0.025998482,820.45825,1015.7091,0.3950534833741703,0.4251202480094674,products image filename (nan),0.83336943,1.0060437,0.018271958,1974.9613
CONCEPT_69,image charset,CONCEPT_61,products,OC_ORACLE,0,1,0,0,0,0,0,0,0,0,image charset:products:OC_ORACLE,products image char set,products image char set text,0.86825705,0.9261489288554904,1.1091017,1.0357785401490311,0.0286968501987186,0.035967547,855.9881,1092.1075,0.6419338020311185,0.6508021401117262,products image char set (nan),0.837048,1.005146,0.021629797,1999.7035
CONCEPT_70,image last updated,CONCEPT_61,products,OC_ORACLE,0,0,1,0,0,0,0,0,0,0,image last updated:products:OC_ORACLE,products image last updated,products image last updated date,0.78906804,0.916097744864878,1.050064,1.0513260920238598,0.0335563336757799,0.027124844,840.6793,982.76404,0.3769072439290071,0.4382939938537786,products image last updated (nan),0.80498296,1.0037959,0.017798044,1891.9802
CONCEPT_72,order id,CONCEPT_71,orders,OC_ORACLE,1,0,0,0,1,0,0,0,0,0,order id:orders:OC_ORACLE,orders order id,orders order id numeric primary key,0.7017811,0.6831568003713185,0.9754642,1.026164560384424,0.0295130827097321,0.012889716,717.63885,936.76843,0.1407475208390221,0.1553763620739172,"orders order id (1101, 171, 1494, 1945, 946)",0.7239215,1.0091821,0.022695323,1752.1553
CONCEPT_73,order datetime,CONCEPT_71,orders,OC_ORACLE,0,0,1,0,0,0,0,0,0,0,order datetime:orders:OC_ORACLE,orders order date time,orders order date time date,0.80148506,0.9261066473200572,1.0536252,1.0555604151167526,0.052377457450657,0.03100352,833.7001,996.8263,0.435902400271676,0.4930317145063079,"orders order date time (06-MAR-19 12.36.19.692532000 PM, 12-MAR-19 12.49.36.705140000 PM, 24-JAN-19 07.19.32.303101000 AM, 25-JAN-19 06.35.35.748511000 PM, 03-MAR-19 09.15.47.418670000 AM)",0.7296942,1.0670323,0.026942896,1777.0762
CONCEPT_74,customer id,CONCEPT_71,orders,OC_ORACLE,1,0,0,0,0,1,0,0,0,0,customer id:orders:OC_ORACLE,orders customer id,orders customer id numeric foreign key,0.64233524,0.7240514014984761,0.98273236,1.0331978366259842,0.0324550610288795,0.0068282187,739.81866,928.851,0.0640618865387505,0.1409633247343847,"orders customer id (136, 170, 44, 168, 17)",0.6177004,0.99087447,0.009767701,1642.4799
CONCEPT_75,order status,CONCEPT_71,orders,OC_ORACLE,0,1,0,0,0,0,0,0,0,0,order status:orders:OC_ORACLE,orders order status,orders order status text,0.78327066,0.7467529602819147,1.0536888,1.0432632506605457,0.0361903838147804,0.027951896,732.2302,943.59247,0.3551247002614114,0.3408275361234307,orders order status (REFUNDED),0.88981754,1.1714514,0.03985883,1929.6411
CONCEPT_76,store id,CONCEPT_71,orders,OC_ORACLE,1,0,0,0,0,1,0,0,0,0,store id:orders:OC_ORACLE,orders store id,orders store id numeric foreign key,0.6524496,0.7119954841782117,0.9817108,1.0405580088851691,0.0333785627008004,0.016720342,741.41437,910.5377,0.1015656143309076,0.1654671633693089,"orders store id (15, 5, 2, 20, 8)",0.6772356,1.0039738,0.018953197,1761.7733
CONCEPT_78,shipment id,CONCEPT_77,shipments,OC_ORACLE,1,0,0,0,1,0,0,0,0,0,shipment id:shipments:OC_ORACLE,shipments shipment id,shipments shipment id numeric primary key,0.7833416,0.726022896797507,1.1114898,1.0655068523575304,0.0481750217109231,0.034218013,800.30756,958.75244,0.4499330679624034,0.4258067401939619,"shipments shipment id (1536, 907, 745, 38, 1210)",0.70912725,1.06271,0.023316344,1663.0582
CONCEPT_79,store id,CONCEPT_77,shipments,OC_ORACLE,1,0,0,0,0,1,0,0,0,0,store id:shipments:OC_ORACLE,shipments store id,shipments store id numeric foreign key,0.7494653,0.8400935468958124,1.0957625,1.0795218218179816,0.0561295011008806,0.03148402,844.5154,927.87134,0.365781424491897,0.4199544452268012,shipments store id (1),0.8085416,1.1196717,0.03447653,1764.6802
CONCEPT_80,customer id,CONCEPT_77,shipments,OC_ORACLE,1,0,0,0,0,1,0,0,0,0,customer id:shipments:OC_ORACLE,shipments customer id,shipments customer id numeric foreign key,0.68745613,0.8521494642160768,1.0406933,1.0718548198616409,0.0561529760109019,0.02223513,843.3197,909.6913,0.205021401378822,0.3097179665532996,"shipments customer id (350, 362, 78, 339, 319)",0.68601686,1.0130719,0.020112311,1662.9877
CONCEPT_81,delivery address,CONCEPT_77,shipments,OC_ORACLE,0,1,0,0,0,0,0,0,0,0,delivery address:shipments:OC_ORACLE,shipments delivery address,shipments delivery address text,0.8784408,0.9485570877233162,1.0841088,1.1151241557653102,0.0607306118432511,0.045132443,881.0874,1036.1655,0.6295520955110953,0.6416262406556302,"shipments delivery address (Brush Creek, TN 38547 USA, Dorchester, IA 52140 USA, Walford, IA 52351 USA, Inwood, NY 11096 USA, Salisbury, PA 15558 USA)",0.83998543,1.2554218,0.03797129,1896.5857
CONCEPT_82,shipment status,CONCEPT_77,shipments,OC_ORACLE,0,1,0,0,0,0,0,0,0,0,shipment status:shipments:OC_ORACLE,shipments shipment status,shipments shipment status text,0.89809114,0.7887322579923826,1.1397997,1.1942872375007725,0.0501538805133384,0.045784343,811.272,1010.30505,0.6816407430312583,0.6041207865936495,shipments shipment status (DELIVERED),0.9124561,1.1736699,0.0446181,1919.5273
CONCEPT_84,order id,CONCEPT_83,order items,OC_ORACLE,1,0,0,0,0,1,0,0,0,0,order id:order items:OC_ORACLE,order items order id,order items order id numeric foreign key,0.7050478,0.8395902344323778,0.97947425,1.096830663124265,0.0394183523609202,0.01795552,831.7926,941.7296,0.1783620522291056,0.2644146985952709,"order items order id (908, 85, 458, 130, 48)",0.65283436,0.9779882,0.015796125,1681.5355
CONCEPT_85,line item id,CONCEPT_83,order items,OC_ORACLE,1,0,0,0,0,0,0,0,0,0,line item id:order items:OC_ORACLE,order items line item id,order items line item id numeric,0.7386864,1.0183006740397815,1.0407498,1.2090131249554603,0.0516743424185014,0.025493577,917.081,960.9451,0.309696883353165,0.4557198052656913,order items line item id (3),0.7975693,1.1147157,0.030581042,1873.2411
CONCEPT_86,product id,CONCEPT_83,order items,OC_ORACLE,1,0,0,0,0,1,0,0,0,0,product id:order items:OC_ORACLE,order items product id,order items product id numeric foreign key,0.646431,0.8487916189212257,0.98284113,1.1244324021691765,0.041433844136327,0.013182084,849.66626,896.5112,0.0714637842547159,0.2042406351701481,"order items product id (32, 3, 8, 16, 15)",0.6507147,1.0039111,0.0144347185,1722.4897
CONCEPT_87,unit price,CONCEPT_83,order items,OC_ORACLE,1,0,0,0,0,0,0,0,0,0,unit price:order items:OC_ORACLE,order items unit price,order items unit price numeric,0.78654623,0.9665032487373804,1.076053,1.1637930401000465,0.048830713946765,0.03279145,873.6751,975.8262,0.4337440292121544,0.520729283485596,"order items unit price (48.39, 24.71, 23.32, 30.69, 11.0)",0.730917,1.0637034,0.025141282,1760.3094
CONCEPT_88,quantity,CONCEPT_83,order items,OC_ORACLE,1,0,0,0,0,0,0,0,0,0,quantity:order items:OC_ORACLE,order items quantity,order items quantity numeric,0.7642037,0.8048412673032883,1.0517162,1.0896674721278266,0.0381534209572021,0.029649347,805.017,968.48895,0.3547229394300271,0.381611397364752,"order items quantity (2, 4, 3, 5, 1)",0.75955933,1.0770535,0.029121986,1840.4506
CONCEPT_89,shipment id,CONCEPT_83,order items,OC_ORACLE,1,0,0,0,0,1,0,0,0,0,shipment id:order items:OC_ORACLE,order items shipment id,order items shipment id numeric foreign key,0.707458,0.9053844656920278,1.0235635,1.1679540264729262,0.0434331090536388,0.021649564,861.7149,933.265,0.2341073532789595,0.349450798445644,"order items shipment id (246.0, 1770.0, 1786.0, 123.0, 506.0)",0.6773774,1.0079323,0.01878703,1710.5874
CONCEPT_91,inventory id,CONCEPT_90,inventory,OC_ORACLE,1,0,0,0,1,0,0,0,0,0,inventory id:inventory:OC_ORACLE,inventory inventory id,inventory inventory id numeric primary key,0.8631169,0.6841424278808104,1.0982896,1.1337913629150105,0.0426860391896945,0.042316716,741.20276,1067.84,0.6523448627366267,0.5507812904774292,"inventory inventory id (41, 481, 225, 243, 196)",0.7551303,1.0450419,0.025715485,1800.0409
CONCEPT_92,store id,CONCEPT_90,inventory,OC_ORACLE,1,0,0,0,0,1,0,0,0,0,store id:inventory:OC_ORACLE,inventory store id,inventory store id numeric foreign key,0.79950714,0.7982130779791157,1.0991374,1.1565328948986493,0.0504502006227045,0.03677852,784.99084,1016.658,0.5160395462027816,0.514274738349816,"inventory store id (1, 19, 16, 22, 5)",0.75822586,1.0360497,0.027433679,1852.3378
CONCEPT_93,product id,CONCEPT_90,inventory,OC_ORACLE,1,0,0,0,0,1,0,0,0,0,product id:inventory:OC_ORACLE,inventory product id,inventory product id numeric foreign key,0.72972876,0.7775504428836338,1.0356799,1.1736264982177496,0.048937843202995,0.02717019,778.70447,965.1079,0.3222809740562263,0.3612248556928671,"inventory product id (45, 29, 44, 42, 8)",0.71539944,1.013763,0.02208697,1733.3495
CONCEPT_94,product inventory,CONCEPT_90,inventory,OC_ORACLE,1,0,0,0,0,0,0,0,0,0,product inventory:inventory:OC_ORACLE,inventory product inventory,inventory product inventory numeric,0.82267195,0.7428779796198349,1.061395,1.241649289769492,0.0442564323571176,0.028213196,739.084,1004.279,0.446752645289531,0.4021377988944258,"inventory product inventory (18, 17, 4, 11, 10)",0.7779622,1.0525376,0.029169977,1807.5396
CONCEPT_97,customernumber,CONCEPT_96,customers,OC_MYSQL,1,0,0,0,0,0,1,0,0,0,customernumber:customers:OC_MYSQL,customers customer number,customers customer number numeric not null,0.7370556,0.5557158286800262,1.0013744,1.0037404703858022,0.0238270676968696,0.03118512,650.548,990.81305,0.3327091259160498,0.261721163235501,"customers customer number (151, 456, 386, 168, 157)",0.708405,1.0111443,0.022152582,1764.4812
CONCEPT_98,customername,CONCEPT_96,customers,OC_MYSQL,0,1,0,0,0,0,1,0,0,0,customername:customers:OC_MYSQL,customers customer name,customers customer name text not null,0.72833127,0.5574642506339564,1.002682,1.0087650211601753,0.0234564683117148,0.03110385,654.3183,987.8491,0.3288460808771155,0.2649911203964936,"customers customer name (L'ordine Souveniers, Online Mini Collectables, Gift Depot Inc., Warburg Exchange, Nat�rlich Autos)",0.83857846,1.06507,0.034574896,1909.961
CONCEPT_99,contactlastname,CONCEPT_96,customers,OC_MYSQL,0,1,0,0,0,0,1,0,0,0,contactlastname:customers:OC_MYSQL,customers contact lastname,customers contact lastname text not null,0.73631334,0.8442439719183069,1.0023739,1.0021672103289798,0.0442735318167453,0.030905066,802.2577,994.6586,0.3406182549027172,0.4062587373419733,"customers contact lastname (Tonini, Choi, Dewey, Saavedra, Yoshido)",0.8571245,1.1020312,0.036840145,1939.3535
CONCEPT_100,contactfirstname,CONCEPT_96,customers,OC_MYSQL,0,1,0,0,0,0,1,0,0,0,contactfirstname:customers:OC_MYSQL,customers contact first name,customers contact first name text not null,0.75533605,0.8281903630482631,1.0125569,1.0102690358076718,0.0442912324915665,0.03246515,806.25555,1004.8485,0.3721188849077222,0.4164324903828248,"customers contact first name (Maria, Mel, Eric, Rachel, Pirkko)",0.874466,1.0660708,0.035450544,1981.3494
CONCEPT_101,phone,CONCEPT_96,customers,OC_MYSQL,0,1,0,0,0,0,1,0,0,0,phone:customers:OC_MYSQL,customers phone,customers phone text not null,0.7789796,0.6896148658096478,1.0084823,0.9999168344830078,0.0313679396271583,0.03445111,703.3688,994.32324,0.3892770746902736,0.351131998014638,"customers phone (2035552570, (171) 555-7555, 2015559350, 04 499 9555, 0555-09555)",0.76037055,1.0681527,0.028546834,1791.5621
CONCEPT_102,addressline1,CONCEPT_96,customers,OC_MYSQL,0,1,0,0,0,0,1,0,0,0,addressline1:customers:OC_MYSQL,customers address line 1,customers address line 1 text not null,0.71264786,0.7913607668895936,1.0179409,1.0037716703212796,0.0410695962235277,0.030460522,754.1244,976.4989,0.3156269487027906,0.3734355367933945,"customers address line 1 (Magazinweg 7, Forsterstr. 57, �kergatan 24, Taucherstra�e 10, 3 Hagalim Blv.)",0.84506875,1.1670208,0.03602224,1917.5161
CONCEPT_103,addressline2,CONCEPT_96,customers,OC_MYSQL,0,1,0,0,0,0,0,1,0,0,addressline2:customers:OC_MYSQL,customers address line 2,customers address line 2 text default,0.7285114,0.7858600081436589,1.0295736,1.0025418148586076,0.0407279835971981,0.03232186,752.68713,998.6396,0.369234799481518,0.4129783400801049,"customers address line 2 (815 Pacific Hwy, Alessandro Volta 16, Suite 400, Floor No. 4, Level 3)",0.81433135,1.1764524,0.033597443,1912.6987
CONCEPT_104,city,CONCEPT_96,customers,OC_MYSQL,0,1,0,0,0,0,1,0,0,0,city:customers:OC_MYSQL,customers city,customers city text not null,0.79139996,0.6382359415257367,1.0186996,1.000322206855264,0.0290638667676708,0.034735274,702.00104,1034.8217,0.4591467202028101,0.3877866414858148,"customers city (Strasbourg, Saint Petersburg, Glendale, Nashua, K�ln)",0.87554234,1.0884961,0.036176007,1992.9933
CONCEPT_105,state,CONCEPT_96,customers,OC_MYSQL,0,1,0,0,0,0,0,1,0,0,state:customers:OC_MYSQL,customers state,customers state text default,0.74348277,0.6690611457538126,1.0141104,0.9973484972549016,0.030738398770276,0.031530283,700.1416,998.4055,0.363138342933879,0.3409653184209434,"customers state (Victoria, Qu�bec, Osaka, NV, nan)",0.8504389,1.1185557,0.03390513,1956.3586
CONCEPT_106,postalcode,CONCEPT_96,customers,OC_MYSQL,0,1,0,0,0,0,0,1,0,0,postalcode:customers:OC_MYSQL,customers postal code,customers postal code text default,0.75659156,0.761740435672824,1.029844,1.0069679706506038,0.0383304645859018,0.03171272,752.61053,1006.4636,0.3927762019517005,0.4048391624183346,"customers postal code (97562, 92561, 80686, 10100, 106-0032)",0.7910355,1.132002,0.03320907,1806.5463
CONCEPT_107,country,CONCEPT_96,customers,OC_MYSQL,0,1,0,0,0,0,1,0,0,0,country:customers:OC_MYSQL,customers country,customers country text not null,0.76785326,0.6483311242554557,1.0109183,1.0038593782527774,0.0293610997082303,0.034826446,701.37585,1025.6229,0.4224852868811475,0.3729128077972625,"customers country (Japan, Switzerland, Israel, Russia, Norway)",0.85514355,1.0553062,0.03414652,1945.4839
CONCEPT_108,salesrepemployeenumber,CONCEPT_96,customers,OC_MYSQL,1,0,0,0,0,0,0,1,0,0,salesrepemployeenumber:customers:OC_MYSQL,customers sales rep employee number,customers sales rep employee number numeric default,0.78860694,0.9456926583492912,1.0786785,1.140032487533899,0.0550688459931609,0.03558138,834.7303,984.45337,0.4577340373593067,0.5334133995416996,"customers sales rep employee number (1323, 1165, 1501, 0, 1504)",0.71496326,1.0390189,0.021988066,1736.6547
CONCEPT_109,creditlimit,CONCEPT_96,customers,OC_MYSQL,0,0,0,0,0,0,0,1,0,0,creditlimit:customers:OC_MYSQL,customers credit limit,customers credit limit default,0.838898,0.7821826157758135,1.0944937,1.014853314013369,0.0412879232009908,0.041734684,770.4115,1082.0608,0.6279991907721763,0.5901907960139093,"customers credit limit (55400.0, 123900.0, 41900.0, 0.0, 120800.0)",0.7918349,1.1572791,0.03230125,1866.8304
CONCEPT_111,employeenumber,CONCEPT_110,employees,OC_MYSQL,1,0,0,0,0,0,1,0,0,0,employeenumber:employees:OC_MYSQL,employees employee number,employees employee number numeric not null,0.82112056,0.6361363938089138,1.0167525,1.0061781217908472,0.0197048369107884,0.027330147,704.1666,976.792,0.3751383099748052,0.281297808238767,"employees employee number (1188, 1216, 1323, 1002, 1401)",0.81096524,1.079068,0.024812846,1821.6238
CONCEPT_112,lastname,CONCEPT_110,employees,OC_MYSQL,0,1,0,0,0,0,1,0,0,0,lastname:employees:OC_MYSQL,employees lastname,employees lastname text not null,0.8282878,0.8042547390930206,0.99892324,0.9907147780564528,0.0285196834046013,0.023761086,784.2831,1010.7764,0.3844418467212582,0.3647162706800306,"employees lastname (Tseng, Castillo, Firrelli, Bow, Fixter)",0.9319765,1.117008,0.037552524,2003.1357
CONCEPT_113,firstname,CONCEPT_110,employees,OC_MYSQL,0,1,0,0,0,0,1,0,0,0,firstname:employees:OC_MYSQL,employees first name,employees first name text not null,0.8200728,0.7556097420040163,1.0011984,0.9975063501625492,0.0257855602423578,0.024533542,765.4854,1004.65985,0.3748931532944453,0.3381629420486384,"employees first name (Julie, Peter, George, Yoshimi, Andy)",0.8883942,1.0895172,0.0339388,1946.7042
CONCEPT_114,extension,CONCEPT_110,employees,OC_MYSQL,0,1,0,0,0,0,1,0,0,0,extension:employees:OC_MYSQL,employees extension,employees extension text not null,0.8617967,0.7323715311213708,1.0215499,0.9972349752864572,0.0248570727145934,0.032958414,749.5663,1034.1852,0.4957441211666925,0.417883647902577,"employees extension (x9273, x2028, x6493, x101, x2248)",0.81052417,1.0943992,0.030955441,1805.104
CONCEPT_115,email,CONCEPT_110,employees,OC_MYSQL,0,1,0,0,0,0,1,0,0,0,email:employees:OC_MYSQL,employees email,employees email text not null,0.87114686,0.7130168637934597,1.0162153,1.00220791695336,0.0216017306665571,0.029081514,742.5482,1026.4487,0.4695182070460509,0.375767772192803,"employees email (afixter@classicmodelcars.com, ykato@classicmodelcars.com, spatterson@classicmodelcars.com, gbondur@classicmodelcars.com, mgerard@classicmodelcars.com)",0.88964874,1.0995724,0.035880562,1931.9598
CONCEPT_116,officecode,CONCEPT_110,employees,OC_MYSQL,0,1,0,0,0,0,1,0,0,0,officecode:employees:OC_MYSQL,employees office code,employees office code text not null,0.8401344,0.8162472105573959,1.0190111,0.996731968942514,0.0287198125150826,0.027774403,783.37775,1031.5973,0.4478987484404301,0.4252637925901465,"employees office code (1, 3, 4, 2, 7)",0.7603498,1.0824871,0.027959948,1797.5753
CONCEPT_117,reportsto,CONCEPT_110,employees,OC_MYSQL,1,0,0,0,0,0,0,1,0,0,reportsto:employees:OC_MYSQL,employees reports to,employees reports to numeric default,0.94170046,0.8451264588954231,1.0456625,1.0053758153635952,0.0340212045109297,0.037156135,777.91583,1083.7979,0.6373214026229203,0.5548685710466146,"employees reports to (1102, 1143, 1056, 1088, 1621)",0.78722316,1.0896981,0.026968306,1783.344
CONCEPT_118,jobtitle,CONCEPT_110,employees,OC_MYSQL,0,1,0,0,0,0,1,0,0,0,jobtitle:employees:OC_MYSQL,employees job title,employees job title text not null,0.83806705,0.8112152410399058,1.0082021,0.9964681739713508,0.0278308679204644,0.0292233,785.668,1035.5134,0.4396872675929872,0.4161736953294341,"employees job title (Sales Manager (APAC), Sales Manager (NA), President, Sale Manager (EMEA), VP Marketing)",0.8749619,1.1047853,0.034959216,1934.4122
CONCEPT_120,officecode,CONCEPT_119,offices,OC_MYSQL,0,1,0,0,0,0,1,0,0,0,officecode:offices:OC_MYSQL,offices office code,offices office code text not null,0.86935586,0.7306074130094796,1.05931,1.0648806055580209,0.033175446201849,0.037725188,772.2645,1068.5695,0.5999404440898767,0.5157820662844167,"offices office code (2, 5, 1, 7, 6)",0.7961399,1.1597794,0.03353246,1894.9271
CONCEPT_121,city,CONCEPT_119,offices,OC_MYSQL,0,1,0,0,0,0,1,0,0,0,city:offices:OC_MYSQL,offices city,offices city text not null,0.92207545,0.7705876699590261,1.056743,1.04029530063704,0.0343821122180125,0.03643618,808.35236,1107.8584,0.6680546898997172,0.564634000978047,"offices city (Tokyo, San Francisco, Boston, Paris, NYC)",0.95051694,1.0498465,0.03381017,2091.0908
CONCEPT_122,phone,CONCEPT_119,offices,OC_MYSQL,0,1,0,0,0,0,1,0,0,0,phone:offices:OC_MYSQL,offices phone,offices phone text not null,0.8912873,0.8219665942429372,1.0569553,1.0914688918260549,0.0375921396517199,0.038190994,813.23505,1050.0978,0.5948482769614928,0.537923814547722,"offices phone (+33 14 723 4404, +44 20 7877 2041, +61 2 9264 2451, +81 33 224 5000, +1 215 837 0825)",0.86214894,1.1237518,0.035127763,1901.1976
CONCEPT_123,addressline1,CONCEPT_119,offices,OC_MYSQL,0,1,0,0,0,0,1,0,0,0,addressline1:offices:OC_MYSQL,offices address line 1,offices address line 1 text not null,0.8373087,0.9237124953228828,1.0347428,1.064383634852343,0.0478960910608439,0.033135753,863.11066,1027.4573,0.4787485367176347,0.5088455362734364,"offices address line 1 (1550 Court Place, 5-11 Wentworth Avenue, 43 Rue Jouffroy D'abbans, 523 East 53rd Street, 4-1 Kioicho)",0.8936655,1.0815645,0.037998606,1999.1925
CONCEPT_124,addressline2,CONCEPT_119,offices,OC_MYSQL,0,1,0,0,0,0,0,1,0,0,addressline2:offices:OC_MYSQL,offices address line 2,offices address line 2 text default,0.8348505,0.9182117365769484,1.0368286,1.0387904449672087,0.0474980813450533,0.035480108,861.3121,1048.196,0.5043560976743581,0.5336359767646157,"offices address line 2 (Suite 300, Suite 102, Level 7, Floor #2, apt. 5A)",0.8136123,1.13181,0.03174209,1915.7273
CONCEPT_125,state,CONCEPT_119,offices,OC_MYSQL,0,1,0,0,0,0,0,1,0,0,state:offices:OC_MYSQL,offices state,offices state text default,0.87260586,0.8014128741871019,1.0472292,1.0411851688764644,0.036796371831939,0.03698365,808.29517,1060.7053,0.5711584152072414,0.5180472766016757,"offices state (MA, CA, NY, Chiyoda-Ku, nan)",0.8813326,1.1058924,0.03506748,1978.6046
CONCEPT_126,country,CONCEPT_119,offices,OC_MYSQL,0,1,0,0,0,0,1,0,0,0,country:offices:OC_MYSQL,offices country,offices country text not null,0.86251384,0.780682852688745,1.0503949,1.0590461447411113,0.0354100423236266,0.03609713,809.2176,1067.9182,0.5745947443284292,0.5190030080742964,"offices country (USA, UK, Australia, France, Japan)",0.9103482,1.0648078,0.032808423,2048.54
CONCEPT_127,postalcode,CONCEPT_119,offices,OC_MYSQL,0,1,0,0,0,0,1,0,0,0,postalcode:offices:OC_MYSQL,offices postal code,offices postal code text not null,0.9034619,0.889574263519106,1.0697149,1.0696408039461678,0.0442719042397708,0.03949639,855.2978,1087.4817,0.6571308365423614,0.6232921689041551,"offices postal code (94080, 102-8578, EC2N 1HN, NSW 2010, 02107)",0.8548768,1.1509701,0.03824949,1936.566
CONCEPT_128,territory,CONCEPT_119,offices,OC_MYSQL,0,1,0,0,0,0,1,0,0,0,territory:offices:OC_MYSQL,offices territory,offices territory text not null,0.8816259,0.7957810203895045,1.0646589,1.0688278122659656,0.0373418893076212,0.03705856,809.66675,1070.6285,0.6117976865662671,0.5495080055449424,offices territory (EMEA),0.9295654,1.0954528,0.035395816,2021.3467
CONCEPT_130,ordernumber,CONCEPT_129,orderdetails,OC_MYSQL,1,0,0,0,0,0,1,0,0,0,ordernumber:orderdetails:OC_MYSQL,order details order number,order details order number numeric not null,0.710896,0.8615390353549053,1.0190171,1.105270003155342,0.0454515058652787,0.02163808,838.6649,956.7409,0.2496879066565867,0.3418646044734673,"order details order number (10145, 10140, 10303, 10337, 10279)",0.6717849,1.0020801,0.019920738,1740.9008
CONCEPT_131,productcode,CONCEPT_129,orderdetails,OC_MYSQL,0,1,0,0,0,0,1,0,0,0,productcode:orderdetails:OC_MYSQL,order details product code,order details product code text not null,0.688149,0.8910504719175736,1.0392311,1.199145229615781,0.0504376438592866,0.022586845,859.23376,952.6628,0.2500450533440653,0.3725892873040702,"order details product code (S18_3029, S72_1253, S700_2824, S24_1444, S10_4698)",0.68683463,1.0732567,0.023661882,1736.1504
CONCEPT_132,quantityordered,CONCEPT_129,orderdetails,OC_MYSQL,1,0,0,0,0,0,1,0,0,0,quantityordered:orderdetails:OC_MYSQL,order details quantity ordered,order details quantity ordered numeric not null,0.7525913,0.9422648363704492,1.0389904,1.1716756412168177,0.0503733816270638,0.026972605,882.0498,973.35284,0.3420325114343357,0.4421369338747333,"order details quantity ordered (55, 18, 28, 77, 50)",0.6994843,1.0245142,0.021664321,1771.8369
CONCEPT_133,priceeach,CONCEPT_129,orderdetails,OC_MYSQL,0,0,0,0,0,0,1,0,0,0,priceeach:orderdetails:OC_MYSQL,order details price each,order details price each not null,0.7952096,0.9304712443259596,1.0586276,1.1881098211565253,0.0519941776119491,0.034276772,870.36237,1025.7511,0.4785336418815021,0.5422592367634216,"order details price each (63.98, 73.99, 49.13, 65.6, 59.83)",0.72693205,1.0624256,0.028214201,1801.9888
CONCEPT_134,orderlinenumber,CONCEPT_129,orderdetails,OC_MYSQL,1,0,0,0,0,0,1,0,0,0,orderlinenumber:orderdetails:OC_MYSQL,order details order line number,order details order line number numeric not null,0.7270293,1.0045033112955328,1.0513102,1.1346331360925863,0.0575826815639188,0.025224552,912.7709,964.06824,0.3104236196001264,0.4583675757736825,"order details order line number (17, 10, 4, 11, 8)",0.7226998,1.0336759,0.023900082,1775.0862
CONCEPT_136,ordernumber,CONCEPT_135,orders,OC_MYSQL,1,0,0,0,0,0,1,0,0,0,ordernumber:orders:OC_MYSQL,orders order number,orders order number numeric not null,0.7012132,0.7261358793446815,0.99344,1.0169525131118002,0.0338372691212849,0.018423978,721.054,919.20154,0.1646447262821425,0.1999563905524759,"orders order number (10400, 10338, 10389, 10341, 10135)",0.6591212,1.0043776,0.019176977,1668.185
CONCEPT_137,orderdate,CONCEPT_135,orders,OC_MYSQL,0,0,1,0,0,0,1,0,0,0,orderdate:orders:OC_MYSQL,orders order date,orders order date date not null,0.7758046,0.7953395317465977,1.036036,1.0242599934210437,0.0401445869509228,0.026731512,752.8334,971.64044,0.3507588850013471,0.3647773248374841,"orders order date (2004-05-11, 2005-05-31, 2005-02-02, 2005-05-13, 2005-03-11)",0.746331,1.0802665,0.028189225,1824.7777
CONCEPT_138,requireddate,CONCEPT_135,orders,OC_MYSQL,0,0,1,0,0,0,1,0,0,0,requireddate:orders:OC_MYSQL,orders required date,orders required date date not null,0.8369279,0.7963043515607784,1.1033325,1.0468695214902162,0.0403769648018064,0.037495505,745.33984,1060.5338,0.5951544581970433,0.5654314672885302,"orders required date (2003-12-06, 2005-02-21, 2004-08-26, 2003-10-16, 2004-01-15)",0.8355256,1.1266196,0.036814082,1966.2704
CONCEPT_139,shippeddate,CONCEPT_135,orders,OC_MYSQL,0,0,1,0,0,0,0,1,0,0,shippeddate:orders:OC_MYSQL,orders shipped date,orders shipped date date default,0.82964057,0.85906792950592,1.1092116,1.0491043381491083,0.0460071462197004,0.035296977,777.33246,1020.35144,0.5401248571684754,0.5452751863181479,"orders shipped date (2004-02-12, 2004-01-27, 2004-04-10, 2005-04-27, 2005-03-28)",0.7045862,1.02898,0.023912722,1752.9523
CONCEPT_140,status,CONCEPT_135,orders,OC_MYSQL,0,1,0,0,0,0,1,0,0,0,status:orders:OC_MYSQL,orders status,orders status text not null,0.80114084,0.6624351416552486,1.0849108,1.044033138630334,0.0337046978366705,0.03147294,718.2906,955.1498,0.4153396219359968,0.3483503677249255,"orders status (Disputed, Resolved, Cancelled, On Hold, Shipped)",0.8853235,1.2291338,0.04173181,1908.3314
CONCEPT_141,comments,CONCEPT_135,orders,OC_MYSQL,0,1,0,0,0,0,0,0,0,0,comments:orders:OC_MYSQL,orders comments,orders comments text,0.79761344,0.7185682485404588,1.104344,1.0550357476387535,0.0359215269761686,0.034993958,737.3342,1011.8236,0.511832908181921,0.4738708433747149,"orders comments (Customer disputed the order and we agreed to cancel it. We must be more cautions with this customer going forward, since they are very hard to please. We must cover the shipping fees., Customer will send a truck to our local warehouse on 7/1/2004, Customer requested that ad materials (such as posters, pamphlets) be included in the shippment, Can we renegotiate this one?, Customer cancelled due to urgent budgeting issues. Must be cautious when dealing with them in the future. Since order shipped already we must discuss who would cover the shipping charges.)",0.87086457,1.2151558,0.038667515,1930.0731
CONCEPT_142,customernumber,CONCEPT_135,orders,OC_MYSQL,1,0,0,0,0,0,1,0,0,0,customernumber:orders:OC_MYSQL,orders customer number,orders customer number numeric not null,0.69604015,0.7207456228919062,0.97702944,1.0452490040080171,0.033209015355823,0.016569026,718.9961,935.76135,0.1500006885941884,0.1865103841686189,"orders customer number (298, 314, 452, 201, 198)",0.6485668,0.98222816,0.016445667,1677.6416
CONCEPT_144,customernumber,CONCEPT_143,payments,OC_MYSQL,1,0,0,0,0,0,1,0,0,0,customernumber:payments:OC_MYSQL,payments customer number,payments customer number numeric not null,0.8199172,0.811132964881812,1.1086282,1.1515536293577555,0.0476159971649572,0.035791665,796.2261,1036.5054,0.5627990643243588,0.5523703226651493,"payments customer number (495, 412, 166, 240, 148)",0.79186326,1.0765922,0.02926998,1831.2244
CONCEPT_145,checknumber,CONCEPT_143,payments,OC_MYSQL,0,1,0,0,0,0,1,0,0,0,checknumber:payments:OC_MYSQL,payments check number,payments check number text not null,0.9613614,0.7900886275508284,1.2307894,1.1477996081490014,0.04719978548194,0.05081482,795.1902,1145.9244,0.955665484177338,0.8330363760568994,"payments check number (JO719695, CN328545, NR27552, CA762595, MN89921)",0.8537567,1.2132986,0.036533248,1954.1305
CONCEPT_146,paymentdate,CONCEPT_143,payments,OC_MYSQL,0,0,1,0,0,0,1,0,0,0,paymentdate:payments:OC_MYSQL,payments payment date,payments payment date date not null,0.9226571,0.8004596384343038,1.1686351,1.1568072687211388,0.047376974888908,0.047527,794.80786,1118.1458,0.8329856066131288,0.7432342273292213,"payments payment date (2005-05-18, 2004-02-17, 2004-12-05, 2004-08-09, 2003-02-20)",0.85784656,1.1343598,0.039903674,1990.5831
CONCEPT_147,amount,CONCEPT_143,payments,OC_MYSQL,0,0,0,0,0,0,1,0,0,0,amount:payments:OC_MYSQL,payments amount,payments amount not null,0.9576041,0.7859703800995274,1.2558388,1.1666960153986714,0.0471529837274125,0.05207804,785.60077,1129.5419,0.9728835892240514,0.851028799851461,"payments amount (36442.34, 15059.76, 3452.75, 32723.04, 1960.8)",0.8053894,1.1620487,0.03307225,1882.1571
CONCEPT_149,productline,CONCEPT_148,productlines,OC_MYSQL,0,1,0,0,0,0,1,0,0,0,productline:productlines:OC_MYSQL,product lines product line,product lines product line text not null,0.8587346,0.9073205161908674,1.0473372,1.2007839251142656,0.046989153354542,0.027890587,879.18317,1043.9468,0.4979681288555964,0.5048409723215268,"product lines product line (Classic Cars, Ships, Planes, Trucks and Buses, Vintage Cars)",0.89746064,1.0731723,0.039574612,1973.1124
CONCEPT_150,textdescription,CONCEPT_148,productlines,OC_MYSQL,0,1,0,0,0,0,0,1,0,0,textdescription:productlines:OC_MYSQL,product lines text description,product lines text description text default,0.8159979,0.920694062947124,1.0297745,1.2302701530701896,0.0484934128603045,0.026121026,894.94354,1012.6552,0.4130922814604783,0.4571747905210702,"product lines text description (Attention car enthusiasts: Make your wildest car ownership dreams come true. Whether you are looking for classic muscle cars, dream sports cars or movie-inspired miniatures, you will find great choices in this category. These replicas feature superb attention to detail and craftsmanship and offer features such as working steering system, opening forward compartment, opening rear trunk with removable spare wheel, 4-wheel independent spring suspension, and so on. The models range in size from 1:10 to 1:24 scale and include numerous limited edition and several out-of-production vehicles. All models include a certificate of authenticity from their manufacturers and come fully assembled and ready for display in the home or office., Unique, diecast airplane and helicopter replicas suitable for collections, as well as home, office or classroom decorations. Models contain stunning details such as official logos and insignias, rotating jet engines and propellers, retractable wheels, and so on. Most come fully assembled and with a certificate of authenticity from their manufacturers., Our motorcycles are state of the art replicas of classic as well as contemporary motorcycle legends such as Harley Davidson, Ducati and Vespa. Models contain stunning details such as official logos, rotating wheels, working kickstand, front suspension, gear-shift lever, footbrake lever, and drive chain. Materials used include diecast and plastic. The models range in size from 1:10 to 1:50 scale and include numerous limited edition and several out-of-production vehicles. All models come fully assembled and ready for display in the home or office. Most include a certificate of authenticity., Model trains are a rewarding hobby for enthusiasts of all ages. Whether you're looking for collectible wooden trains, electric streetcars or locomotives, you'll find a number of great choices for any budget within this category. The interactive aspect of trains makes toy trains perfect for young children. The wooden train sets are ideal for children under the age of 5., The Truck and Bus models are realistic replicas of buses and specialized trucks produced from the early 1920s to present. The models range in size from 1:12 to 1:50 scale and include numerous limited edition and several out-of-production vehicles. Materials used include tin, diecast and plastic. All models include a certificate of authenticity from their manufacturers and are a perfect ornament for the home and office.)",0.8749943,1.155136,0.03881058,1953.0891
CONCEPT_151,htmldescription,CONCEPT_148,productlines,OC_MYSQL,0,1,0,0,0,0,0,0,0,0,htmldescription:productlines:OC_MYSQL,product lines html description,product lines html description text,0.8018989,0.9320104610992804,1.0362859,1.234054456115637,0.0496512580543579,0.026967347,891.63947,1029.9008,0.4295247578355615,0.4891395221748651,product lines html description (nan),0.81033295,1.0078362,0.02210632,1902.0941
CONCEPT_152,image,CONCEPT_148,productlines,OC_MYSQL,0,0,0,1,0,0,0,0,0,0,image:productlines:OC_MYSQL,product lines image,product lines image miscellaneous,0.79126114,0.8602220983952368,1.0247598,1.1863835655352848,0.0420483048558308,0.022980487,869.5414,994.22156,0.3512191760932567,0.3846649686872467,product lines image (nan),0.7859621,1.0039325,0.017291006,1866.5265
CONCEPT_154,productcode,CONCEPT_153,products,OC_MYSQL,0,1,0,0,0,0,1,0,0,0,productcode:products:OC_MYSQL,products product code,products product code text not null,0.7585558,0.6543406393045018,0.9964959,0.991165109533114,0.0162077676792915,0.021927213,697.0929,983.30066,0.2903023185744562,0.2502871100535356,"products product code (S24_2766, S32_4289, S18_1662, S12_1666, S24_1578)",0.76608515,1.1031915,0.030564966,1807.4973
CONCEPT_155,productname,CONCEPT_153,products,OC_MYSQL,0,1,0,0,0,0,1,0,0,0,productname:products:OC_MYSQL,products product name,products product name text not null,0.767083,0.6135492053622679,0.99305993,0.98702298414425,0.0121445212504104,0.013336539,686.83966,944.6081,0.2114394740680631,0.1460181591399983,"products product name (1928 British Royal Navy Airplane, 1937 Lincoln Berline, 1970 Chevy Chevelle SS 454, 1992 Porsche Cayenne Turbo Silver, 1982 Lamborghini Diablo)",0.8961628,1.1931907,0.043039445,2001.6616
CONCEPT_156,productline,CONCEPT_153,products,OC_MYSQL,0,1,0,0,0,0,1,0,0,0,productline:products:OC_MYSQL,products product line,products product line text not null,0.80123717,0.6846370414271599,1.0056087,0.986664599304606,0.0157328497538074,0.017192753,708.66113,995.1135,0.3129724830628284,0.2563856738560487,"products product line (Trains, Vintage Cars, Trucks and Buses, Classic Cars, Motorcycles)",0.89924794,1.0771244,0.03960814,1975.585
CONCEPT_157,productscale,CONCEPT_153,products,OC_MYSQL,0,1,0,0,0,0,1,0,0,0,productscale:products:OC_MYSQL,products product scale,products product scale text not null,0.81635547,0.7541159841587505,1.0262665,0.9900100260242722,0.0210951839726775,0.025016403,748.1545,1006.04956,0.3878626078206315,0.3531157223489817,"products product scale (1:24, 1:72, 1:50, 1:12, 1:10)",0.79018134,1.1178906,0.034295056,1870.0637
CONCEPT_158,productvendor,CONCEPT_153,products,OC_MYSQL,0,1,0,0,0,0,1,0,0,0,productvendor:products:OC_MYSQL,products product vendor,products product vendor text not null,0.76726407,0.6738104285085261,1.0038438,0.9921439672392792,0.017464251076689,0.024499856,710.502,962.6275,0.2906531442755874,0.2535246624607974,"products product vendor (Autoart Studio Design, Min Lin Diecast, Studio M Art Models, Second Gear Diecast, Classic Metal Creations)",0.8308771,1.098877,0.03363211,1957.4749
CONCEPT_159,productdescription,CONCEPT_153,products,OC_MYSQL,0,1,0,0,0,0,1,0,0,0,productdescription:products:OC_MYSQL,products product description,products product description text not null,0.79410577,0.6015258492109993,0.9984065,0.9911129924884726,0.0111463630422809,0.016293904,679.9807,981.86145,0.2850969062152011,0.1944650719844525,"products product description (1:12 scale model of a 1968 Dodge Charger. Hood, doors and trunk all open to reveal highly detailed interior features. Steering wheel actually turns the front wheels. Color black, Features opening hood, opening doors, opening trunk, wide white wall tires, front door arm rests, working steering system., Measures 38 inches Long x 33 3/4 inches High. Includes a stand.  Many extras including rigging, long boats, pilot house, anchors, etc. Comes with 2 masts, all square-rigged, Model features, official Harley Davidson logos and insignias, detachable rear wheelie bar, heavy diecast metal with resin parts, authentic multi-color tampo-printed graphics, separate engine drive belts, free-turning front fork, rotating tires and rear racing slick, certificate of authenticity, detailed engine, display stand  , precision diecast replica, baked enamel finish, 1:10 scale model, removable fender, seat and tank cover piece for displaying the superior detail of the v-twin engine, Exact replica. 100+ parts. working steering system, original logos)",0.9168859,1.2913078,0.04561365,2032.8202
CONCEPT_160,quantityinstock,CONCEPT_153,products,OC_MYSQL,1,0,0,0,0,0,1,0,0,0,quantityinstock:products:OC_MYSQL,products quantity in stock,products quantity in stock numeric not null,0.8107168,0.9471974465314908,1.0584008,1.104756155954269,0.03999310292889,0.030133424,835.66125,986.35535,0.424924049209358,0.4853261751063108,"products quantity in stock (414, 2874, 1452, 6906, 2542)",0.7083513,1.0769318,0.024925053,1737.4933
CONCEPT_161,buyprice,CONCEPT_153,products,OC_MYSQL,0,0,0,0,0,0,1,0,0,0,buyprice:products:OC_MYSQL,products buy price,products buy price not null,0.82931167,0.9211296879505628,1.0429265,1.0553368739679994,0.0357189504961443,0.028298533,823.62585,1024.7343,0.4519139334575356,0.4865751093636762,"products buy price (29.18, 60.74, 66.74, 21.75, 34.0)",0.7526601,1.0848708,0.029598305,1810.044
CONCEPT_162,msrp,CONCEPT_153,products,OC_MYSQL,0,0,0,0,0,0,1,0,0,0,msrp:products:OC_MYSQL,products m srp,products m srp not null,0.85528976,0.8646406889606126,1.0989684,1.0113109512202494,0.0308860307747507,0.033864733,809.4717,1065.5083,0.5830311513947923,0.5722638193381135,"products m srp (68.79, 53.91, 136.59, 91.34, 117.44)",0.7924857,1.124349,0.03514991,1911.9724
CONCEPT_165,customerid,CONCEPT_164,customer,OC_HANA,1,0,0,0,1,0,0,0,0,0,customerid:customer:OC_HANA,customer customer id,customer customer id numeric primary key,0.664102,0.5300004595184246,0.97865963,0.9991603821192904,0.0210838507835798,0.019673672,660.9425,962.8928,0.1789805271181151,0.1486139125415154,"customer customer id (39, 43, 83, 42, 29)",0.6659684,0.9827556,0.016322644,1693.4916
CONCEPT_166,cityid,CONCEPT_164,customer,OC_HANA,1,0,0,0,0,0,0,0,0,0,cityid:customer:OC_HANA,customer city id,customer city id numeric,0.71840096,0.654272518277421,1.0547671,1.0266031963229834,0.0282284238100064,0.028028196,712.75934,1002.2461,0.3634161554369242,0.3524036340810935,"customer city id (15, 9, 29, 21, 26)",0.6622268,0.99190885,0.020198718,1741.0746
CONCEPT_167,countryid,CONCEPT_164,customer,OC_HANA,1,0,0,0,0,0,0,0,0,0,countryid:customer:OC_HANA,customer country id,customer country id numeric,0.7029245,0.6458698733109858,1.019629,1.0210895063928231,0.0267961995416879,0.02418147,702.68335,976.42755,0.2830007323377788,0.2792154731353869,"customer country id (7, 11, 15, 8, 6)",0.6277444,0.9900058,0.019194381,1709.6547
CONCEPT_168,regionid,CONCEPT_164,customer,OC_HANA,1,0,0,0,0,0,0,0,0,0,regionid:customer:OC_HANA,customer region id,customer region id numeric,0.73339015,0.6755838368322002,1.0430655,1.043891730088667,0.0301500123703448,0.027994657,723.5793,986.87646,0.3536919997566774,0.3418932560032002,"customer region id (5, 1, 2, 4, 3)",0.6980381,1.0658367,0.025240973,1768.3185
CONCEPT_169,customer,CONCEPT_164,customer,OC_HANA,0,1,0,0,0,0,0,0,0,0,customer:customer:OC_HANA,customer customer,customer customer text,0.7776043,0.5927406598056472,1.0086683,1.001673895632094,0.0245684464326044,0.034463752,658.43823,1011.9488,0.4032791788149817,0.320435325251995,"customer customer (Tekmigear, Alltabuy, Cylons R Us, Quebertini, Tekmubuy)",0.82108116,1.138165,0.03514261,1930.3816
CONCEPT_170,cityname,CONCEPT_164,customer,OC_HANA,0,1,0,0,0,0,0,0,0,0,cityname:customer:OC_HANA,customer city name,customer city name text,0.7814903,0.6662571746686274,1.0237323,0.9973752569970816,0.0313273584050255,0.034310427,711.36584,1030.8004,0.4456202164144631,0.3946424669839617,"customer city name (Toronto, Kyoto, London, Pragues, Marseilles)",0.880585,1.0530492,0.03420095,1982.0664
CONCEPT_171,countryname,CONCEPT_164,customer,OC_HANA,0,1,0,0,0,0,0,0,0,0,countryname:customer:OC_HANA,customer country name,customer country name text,0.76414126,0.6920803874168419,1.0264138,1.0020379141833144,0.0332675137214089,0.033631455,723.57294,1021.3382,0.4190817522639352,0.3928287823779391,"customer country name (Mexico, France, Spain, Japan, Colombia)",0.83431214,1.0879529,0.035270773,1944.0624
CONCEPT_172,regionname,CONCEPT_164,customer,OC_HANA,0,1,0,0,0,0,0,0,0,0,regionname:customer:OC_HANA,customer region name,customer region name text,0.7700582,0.707951325421108,1.0189067,1.01134750616012,0.0346524896927324,0.033745676,731.44257,1009.7473,0.4103285024942872,0.3872830993720751,"customer region name (EEMEA, Europe, North America, Latin America, Asia PAC)",0.873656,1.102054,0.036108553,1929.6001
CONCEPT_174,productid,CONCEPT_173,product,OC_HANA,1,0,0,0,1,0,0,0,0,0,productid:product:OC_HANA,product product id,product product id numeric primary key,0.7081801,0.5652854876991817,1.0019845,1.0045172401465927,0.0201908174870234,0.022412902,694.6699,932.9768,0.2094676703482084,0.1638725336116417,"product product id (8, 34, 26, 50, 23)",0.6648579,1.0087955,0.02038177,1741.9716
CONCEPT_175,categoryid,CONCEPT_173,product,OC_HANA,1,0,0,0,0,0,0,0,0,0,categoryid:product:OC_HANA,product category id,product category id numeric,0.7338481,0.6937163229515861,1.0196824,1.0158700252403947,0.027046582651695,0.02447681,749.04974,964.6079,0.2918335785567652,0.2882563588373077,"product category id (5, 7, 9, 10, 13)",0.718239,1.0314702,0.024835253,1804.5513
CONCEPT_176,lineid,CONCEPT_173,product,OC_HANA,1,0,0,0,0,0,0,0,0,0,lineid:product:OC_HANA,product line id,product line id numeric,0.7142277,0.6645913875794767,1.0313833,1.007358875466662,0.0240556792722622,0.025601173,717.6161,958.76434,0.2785289588109778,0.275401163361849,product line id (2),0.77622014,1.0795817,0.03072024,1821.3634
CONCEPT_177,productname,CONCEPT_173,product,OC_HANA,0,1,0,0,0,0,0,0,0,0,productname:product:OC_HANA,product product name,product product name text,0.76938325,0.5882424190266962,0.99209565,0.9931516669365492,0.0153161609405948,0.014678282,680.8221,943.5276,0.2187676465323529,0.1397464882315547,"product product name (Berta Golf Clubs, Black diamond 6800, Nokia 7380, Tennis cap, Fusion Fridge)",0.8713524,1.1100055,0.039710604,1964.436
CONCEPT_178,productdescription,CONCEPT_173,product,OC_HANA,0,1,0,0,0,0,0,0,0,0,productdescription:product:OC_HANA,product product description,product product description text,0.81171256,0.5762190628754278,1.0043976,0.9927551330546064,0.0141989282691528,0.020110732,673.8587,990.7982,0.3323752048394163,0.2170758052320316,"product product description (Nokia 6010, Samsung e335, UBR 7100, Golf Balls, XBOX)",0.86362076,1.1486232,0.04010886,1911.3617
CONCEPT_179,categoryname,CONCEPT_173,product,OC_HANA,0,1,0,0,0,0,0,0,0,0,categoryname:product:OC_HANA,product category name,product category name text,0.8118701,0.7134815299493272,1.0015488,0.998677119841983,0.0236180670668554,0.018674329,746.5008,1000.4811,0.3318824322953846,0.2812125017550981,"product category name (Golf, Consoles, Ski, Nokia Handsets, nan)",0.88664526,1.101424,0.033548873,1985.0433
CONCEPT_180,categorydescription,CONCEPT_173,product,OC_HANA,0,1,0,0,0,0,0,0,0,0,categorydescription:product:OC_HANA,product category description,product category description text,0.83560055,0.7117380723589387,1.0093476,1.0049704815641856,0.0227697702735731,0.019771809,741.86926,1015.1256,0.3763605537924909,0.3077094657421063,"product category description (Bikes, Motorola Handsets, Home Theater, nan, Ski)",0.8653729,1.085237,0.033843875,1950.8319
CONCEPT_181,linename,CONCEPT_173,product,OC_HANA,0,1,0,0,0,0,0,0,0,0,linename:product:OC_HANA,product line name,product line name text,0.7894452,0.7121714771936641,1.0182391,0.9947485543904194,0.0220411421459375,0.019608514,724.62634,982.8535,0.3141830131553637,0.2791099673136623,product line name (nan),0.79997534,1.0005202,0.017267672,1858.1514
CONCEPT_182,linedescription,CONCEPT_173,product,OC_HANA,0,1,0,0,0,0,0,0,0,0,linedescription:product:OC_HANA,product line description,product line description text,0.81963056,0.671945429481945,1.0193214,0.9988116852243693,0.01942130523819,0.0231805,707.54944,1007.2421,0.3872431767734187,0.3113703064592209,product line description (Sports),0.8848255,1.0936323,0.040729664,1941.4402
CONCEPT_183,discontinued,CONCEPT_173,product,OC_HANA,1,0,0,0,0,0,0,0,0,0,discontinued:product:OC_HANA,product discontinued,product discontinued numeric,0.8760813,0.6910772060836576,1.1298243,1.010061732492201,0.0230695233669539,0.036834586,729.3227,1024.6735,0.6162172644885517,0.5085504717251591,product discontinued (1),0.8417449,1.1663324,0.037457686,1833.189
CONCEPT_184,capacity,CONCEPT_173,product,OC_HANA,0,1,0,0,0,0,0,0,0,0,capacity:product:OC_HANA,product capacity,product capacity text,0.8231543,0.7192726669495043,1.0986388,1.0132297446884495,0.0243114314752761,0.03127873,740.00214,1010.47424,0.4926040701222898,0.4365063958599432,"product capacity (3.8 cu.ft., nan, 18 cu.ft., 22 cu.ft., 3.3 cu.ft.)",0.797205,1.1149595,0.03194787,1921.8638
CONCEPT_185,screensize,CONCEPT_173,product,OC_HANA,0,1,0,0,0,0,0,0,0,0,screensize:product:OC_HANA,product screen size,product screen size text,0.85556746,0.8367319332132181,1.1378909,1.0319818536678005,0.0299088408517714,0.03673658,797.4355,1039.9885,0.597830474554407,0.5736984613154265,product screen size (nan),0.81857586,1.0068852,0.022618584,1932.9839
CONCEPT_187,orderid,CONCEPT_186,customerorder,OC_HANA,1,0,0,0,1,0,0,0,0,0,orderid:customerorder:OC_HANA,customer order order id,customer order order id numeric primary key,0.6566248,0.7558533469368481,0.98624974,0.9944272859657544,0.0111223836031667,0.0054255934,758.7308,924.6515,0.0652759524437978,0.146845225375036,"customer order order id (6745, 7615, 3767, 1697, 201)",0.6368026,0.9824849,0.013890599,1655.9603
CONCEPT_188,productid,CONCEPT_186,customerorder,OC_HANA,1,0,0,0,0,1,0,0,0,0,productid:customerorder:OC_HANA,customer order product id,customer order product id numeric foreign key,0.6221053,0.7640293956482592,0.9783958,1.0000987293171208,0.0136891782202838,0.009104258,774.45447,900.95233,0.0293241568914824,0.1397099387710795,"customer order product id (22, 2, 50, 36, 55)",0.6453829,0.98191965,0.012342013,1702.7063
CONCEPT_189,customerid,CONCEPT_186,customerorder,OC_HANA,1,0,0,0,0,1,0,0,0,0,customerid:customerorder:OC_HANA,customer order customer id,customer order customer id numeric foreign key,0.65577316,0.7967479480640056,0.9851523,0.9947190277775634,0.014116361667571,0.007562615,780.73535,935.03546,0.084354727754071,0.185828790290792,"customer order customer id (73, 58, 59, 15, 107)",0.6171204,0.9915942,0.009921204,1652.4172
CONCEPT_190,employeeid,CONCEPT_186,customerorder,OC_HANA,1,0,0,0,0,0,0,0,0,0,employeeid:customerorder:OC_HANA,customer order employee id,customer order employee id numeric,0.66591746,0.8153783063211698,0.97485185,0.9886754837256072,0.0170577540297694,0.017065572,791.4247,918.75256,0.1124615356805834,0.2153880333857051,"customer order employee id (27, 11, 17, 13, 5)",0.6607577,0.9799561,0.01447118,1717.0957
CONCEPT_191,promotionid,CONCEPT_186,customerorder,OC_HANA,1,0,0,0,0,0,0,0,0,0,promotionid:customerorder:OC_HANA,customer order promotion id,customer order promotion id numeric,0.66821384,0.7800547462602017,0.97668767,0.9972674151540356,0.0144129774643399,0.015675101,779.97266,943.11804,0.1350242486225091,0.2196290316433748,customer order promotion id (nan),0.7157683,1.0335062,0.018338436,1777.3724
CONCEPT_192,territoryid,CONCEPT_186,customerorder,OC_HANA,1,0,0,0,0,0,0,0,0,0,territoryid:customerorder:OC_HANA,customer order territory id,customer order territory id numeric,0.7037454,0.8129119730661983,0.9773912,0.9879740311393892,0.0188887873024022,0.019748406,790.16895,957.16925,0.1993640875619917,0.2737749723386554,customer order territory id (nan),0.7124741,1.047455,0.020433001,1784.2793
CONCEPT_193,orderperiodid,CONCEPT_186,customerorder,OC_HANA,1,0,0,0,0,0,0,0,0,0,orderperiodid:customerorder:OC_HANA,customer order order period id,customer order order period id numeric,0.6859425,0.9151044346826306,0.98410237,1.0024159636741088,0.0175654133243865,0.012477346,819.0021,956.53357,0.1485315052891317,0.2840168681342727,"customer order order period id (2761, 2164, 1690, 2125, 2495)",0.630503,0.98269874,0.014080738,1688.7524
CONCEPT_194,requiredperiodid,CONCEPT_186,customerorder,OC_HANA,1,0,0,0,0,0,0,0,0,0,requiredperiodid:customerorder:OC_HANA,customer order required period id,customer order required period id numeric,0.73394364,0.9243563083915458,1.0118648,1.0090886615880106,0.0211370992216752,0.019184591,826.19135,991.9395,0.2728641983941606,0.3780051923355068,"customer order required period id (1653, 2486, 2670, 1726, 2935)",0.68399477,1.0019182,0.019627733,1767.9144
CONCEPT_195,shippedperiodid,CONCEPT_186,customerorder,OC_HANA,1,0,0,0,0,0,0,0,0,0,shippedperiodid:customerorder:OC_HANA,customer order shipped period id,customer order shipped period id numeric,0.730707,0.9342113160093636,1.0188212,1.0047669986548342,0.0196916438625275,0.020204216,820.11615,978.9371,0.2716613118471529,0.3837909961944014,"customer order shipped period id (1688, 2710, 1537, 1490, 2235)",0.68146396,0.9957597,0.017924068,1750.7194
CONCEPT_196,shipperid,CONCEPT_186,customerorder,OC_HANA,1,0,0,0,0,0,0,0,0,0,shipperid:customerorder:OC_HANA,customer order shipper id,customer order shipper id numeric,0.70579845,0.8258637732906949,0.9763495,0.987909429338648,0.0174244333721684,0.018615732,790.54364,957.4728,0.191109814123807,0.2701452475916573,"customer order shipper id (7.0, 3.0, nan, 9.0, 5.0)",0.6826145,1.0319937,0.019624976,1733.0771
CONCEPT_197,unitprice,CONCEPT_186,customerorder,OC_HANA,1,0,0,0,0,0,0,0,0,0,unitprice:customerorder:OC_HANA,customer order unit price,customer order unit price numeric,0.74589795,0.8817410254644139,1.0434852,1.0059344998974091,0.023840788440201,0.02567263,800.09576,971.7448,0.3322875435146989,0.4086841202677272,"customer order unit price (2000, 190, 1300, 500, 15)",0.72499806,1.0594836,0.026528046,1782.0188
CONCEPT_198,quantity,CONCEPT_186,customerorder,OC_HANA,1,0,0,0,0,0,0,0,0,0,quantity:customerorder:OC_HANA,customer order quantity,customer order quantity numeric,0.73898745,0.7200790440303217,1.0217582,1.004425822865333,0.0130857795419819,0.021403082,730.2619,953.096,0.2556442159880245,0.2607855361627335,"customer order quantity (1145, 430, 1776, 272, 19)",0.68247145,0.99445206,0.017923215,1691.2114
CONCEPT_199,discount,CONCEPT_186,customerorder,OC_HANA,1,0,0,0,0,0,0,0,0,0,discount:customerorder:OC_HANA,customer order discount,customer order discount numeric,0.75165814,0.7941972081915066,1.0142581,0.9990031899212908,0.0191965555618096,0.024910571,769.20306,963.3479,0.2873886410907975,0.3183278903054357,"customer order discount (16, 23, 28, 18, 19)",0.6954954,0.98528576,0.018331984,1742.3862
CONCEPT_200,unitsales,CONCEPT_186,customerorder,OC_HANA,1,0,0,0,0,0,0,0,0,0,unitsales:customerorder:OC_HANA,customer order unit sales,customer order unit sales numeric,0.74554396,0.8991152612005882,1.0784619,1.0038176957958511,0.0253734904683444,0.027550524,807.9948,959.10645,0.3565615203435433,0.4414090634162635,"customer order unit sales (35530, 344896, 60690, 47321, 165155)",0.63757193,0.9964241,0.018661404,1637.8593
CONCEPT_201,netsales,CONCEPT_186,customerorder,OC_HANA,1,0,0,0,0,0,0,0,0,0,netsales:customerorder:OC_HANA,customer order net sales,customer order net sales numeric,0.7838922,0.955467146382604,1.0955868,1.0326153876059427,0.0307711588483425,0.031866293,837.1881,1002.1749,0.4628752715394882,0.5465741168932929,"customer order net sales (20239.8, 146862.0, 8539.8, 266860.8, 267279.0)",0.66585916,1.0012249,0.0199212,1666.3113
CONCEPT_202,unitcost,CONCEPT_186,customerorder,OC_HANA,1,0,0,0,0,0,0,0,0,0,unitcost:customerorder:OC_HANA,customer order unit cost,customer order unit cost numeric,0.78511924,0.8972922587519078,1.0503209,1.0093925482401809,0.025020201815245,0.028837897,807.5633,1008.4048,0.422336390989702,0.4777083130366237,"customer order unit cost (63, 142, 67, 412, 375)",0.72837234,1.0438273,0.025807917,1734.9017
CONCEPT_203,freight,CONCEPT_186,customerorder,OC_HANA,0,1,0,0,0,0,0,0,0,0,freight:customerorder:OC_HANA,customer order freight,customer order freight text,0.75271535,0.8460791081819015,1.0654857,0.9987979648069316,0.0255843968188348,0.028741427,790.9184,980.91003,0.3762016675374288,0.4308479142318448,customer order freight (nan),0.77754015,1.0028882,0.023086106,1831.81
CONCEPT_204,cost,CONCEPT_186,customerorder,OC_HANA,1,0,0,0,0,0,0,0,0,0,cost:customerorder:OC_HANA,customer order cost,customer order cost numeric,0.76970506,0.76956206744495,1.0270282,1.000395305113223,0.0176573765986845,0.024382504,753.1888,1012.93774,0.3632904776812224,0.3695607150435329,"customer order cost (592350, 183300, 1410, 65216, 27540)",0.7027084,0.9924704,0.019706164,1721.0015
CONCEPT_205,quantityordered,CONCEPT_186,customerorder,OC_HANA,0,1,0,0,0,0,0,0,0,0,quantityordered:customerorder:OC_HANA,customer order quantity ordered,customer order quantity ordered text,0.72608536,0.8773769397862299,1.0081689,1.0011402189416307,0.0240572381996793,0.019620787,800.09796,932.91235,0.2101742886895026,0.298838350000773,customer order quantity ordered (nan),0.7284501,1.0314382,0.019099113,1770.7272
CONCEPT_206,deliveredperiodid,CONCEPT_186,customerorder,OC_HANA,0,1,0,0,0,0,0,0,0,0,deliveredperiodid:customerorder:OC_HANA,customer order delivered period id,customer order delivered period id text,0.7099328,0.8998692113059665,1.000883,1.002979993850424,0.0213458442612411,0.018156908,816.1494,974.6749,0.2320493992449998,0.3430019752629096,customer order delivered period id (nan),0.73224694,1.024296,0.021121768,1838.6912
