id,refined_local_name,parent_id,refined_local_name_p,schema,vec_datatype_numeric,vec_datatype_text,vec_datatype_date,vec_datatype_miscellaneous,vec_constraint_pk,vec_constraint_fk,vec_constraint_notnull,vec_constraint_default,vec_constraint_unique,vec_constaint_check,refined_instances,concept_concat_info,concept_concat_sgtrt5,concept_concat_schema_instances_sgtrt5
CONCEPT_3,region id,CONCEPT_2,regions,HR_ORACLE,1,0,0,0,1,0,0,0,0,0,4,region id:regions:HR_ORACLE,regions region id,regions region id (4)
CONCEPT_4,region name,CONCEPT_2,regions,HR_ORACLE,0,1,0,0,0,0,0,0,0,0,Asia,region name:regions:HR_ORACLE,regions region name,regions region name (Asia)
CONCEPT_6,country id,CONCEPT_5,countries,HR_ORACLE,0,0,0,0,1,0,0,0,0,0,"CH, DE, ML, JP, KW",country id:countries:HR_ORACLE,countries country id,"countries country id (CH, DE, ML, JP, KW)"
CONCEPT_7,country name,CONCEPT_5,countries,HR_ORACLE,0,1,0,0,0,0,0,0,0,0,"Nigeria, India, Italy, Belgium, Brazil",country name:countries:HR_ORACLE,countries country name,"countries country name (Nigeria, India, Italy, Belgium, Brazil)"
CONCEPT_8,region id,CONCEPT_5,countries,HR_ORACLE,1,0,0,0,0,1,0,0,0,0,,region id:countries:HR_ORACLE,countries region id,countries region id (nan)
CONCEPT_10,location id,CONCEPT_9,locations,HR_ORACLE,1,0,0,0,1,0,0,0,0,0,"2000, 2400, 2900, 1600, 1900",location id:locations:HR_ORACLE,locations location id,"locations location id (2000, 2400, 2900, 1600, 1900)"
CONCEPT_11,street address,CONCEPT_9,locations,HR_ORACLE,0,1,0,0,0,0,0,0,0,0,"Mariano Escobedo 9991, 2011 Interiors Blvd, 147 Spadina Ave, 2007 Zagora St, 1298 Vileparle (E)",street address:locations:HR_ORACLE,locations street address,"locations street address (Mariano Escobedo 9991, 2011 Interiors Blvd, 147 Spadina Ave, 2007 Zagora St, 1298 Vileparle (E))"
CONCEPT_12,postal code,CONCEPT_9,locations,HR_ORACLE,0,1,0,0,0,0,0,0,0,0,"540198, nan, 1689, 00989, 80925",postal code:locations:HR_ORACLE,locations postal code,"locations postal code (540198, nan, 1689, 00989, 80925)"
CONCEPT_13,city,CONCEPT_9,locations,HR_ORACLE,0,1,0,0,0,0,0,0,0,0,"Hiroshima, Seattle, Oxford, Bombay, Tokyo",city:locations:HR_ORACLE,locations city,"locations city (Hiroshima, Seattle, Oxford, Bombay, Tokyo)"
CONCEPT_14,state province,CONCEPT_9,locations,HR_ORACLE,0,1,0,0,0,0,0,0,0,0,"Texas, Oxford, Utrecht, Washington, Tokyo Prefecture",state province:locations:HR_ORACLE,locations state province,"locations state province (Texas, Oxford, Utrecht, Washington, Tokyo Prefecture)"
CONCEPT_15,country id,CONCEPT_9,locations,HR_ORACLE,0,0,0,0,0,1,0,0,0,0,"CA, IN, US, UK, DE",country id:locations:HR_ORACLE,locations country id,"locations country id (CA, IN, US, UK, DE)"
CONCEPT_17,department id,CONCEPT_16,departments,HR_ORACLE,1,0,0,0,1,0,0,0,0,0,"180, 80, 250, 60, 110",department id:departments:HR_ORACLE,departments department id,"departments department id (180, 80, 250, 60, 110)"
CONCEPT_18,department name,CONCEPT_16,departments,HR_ORACLE,0,1,0,0,0,0,0,0,0,0,"Purchasing, Accounting, Retail Sales, Government Sales, Corporate Tax",department name:departments:HR_ORACLE,departments department name,"departments department name (Purchasing, Accounting, Retail Sales, Government Sales, Corporate Tax)"
CONCEPT_19,manager id,CONCEPT_16,departments,HR_ORACLE,1,0,0,0,0,1,0,0,0,0,"108, 100, 201, 205, 203",manager id:departments:HR_ORACLE,departments manager id,"departments manager id (108, 100, 201, 205, 203)"
CONCEPT_20,location id,CONCEPT_16,departments,HR_ORACLE,1,0,0,0,0,1,0,0,0,0,"1700, 2700, 1400, 1500, 2400",location id:departments:HR_ORACLE,departments location id,"departments location id (1700, 2700, 1400, 1500, 2400)"
CONCEPT_22,job id,CONCEPT_21,jobs,HR_ORACLE,0,1,0,0,1,0,0,0,0,0,"ST_CLERK, AD_PRES, FI_MGR, AD_VP, MK_MAN",job id:jobs:HR_ORACLE,jobs job id,"jobs job id (ST_CLERK, AD_PRES, FI_MGR, AD_VP, MK_MAN)"
CONCEPT_23,job title,CONCEPT_21,jobs,HR_ORACLE,0,1,0,0,0,0,0,0,0,0,"Stock Manager, Shipping Clerk, Marketing Representative, Sales Representative, Public Accountant",job title:jobs:HR_ORACLE,jobs job title,"jobs job title (Stock Manager, Shipping Clerk, Marketing Representative, Sales Representative, Public Accountant)"
CONCEPT_24,min salary,CONCEPT_21,jobs,HR_ORACLE,1,0,0,0,0,0,0,0,0,0,"20080, 4500, 4000, 5500, 15000",min salary:jobs:HR_ORACLE,jobs min salary,"jobs min salary (20080, 4500, 4000, 5500, 15000)"
CONCEPT_25,max salary,CONCEPT_21,jobs,HR_ORACLE,1,0,0,0,0,0,0,0,0,0,"5500, 10500, 8500, 40000, 30000",max salary:jobs:HR_ORACLE,jobs max salary,"jobs max salary (5500, 10500, 8500, 40000, 30000)"
CONCEPT_27,employee id,CONCEPT_26,employees,HR_ORACLE,1,0,0,0,1,0,0,0,0,0,"179, 205, 182, 159, 143",employee id:employees:HR_ORACLE,employees employee id,"employees employee id (179, 205, 182, 159, 143)"
CONCEPT_28,first name,CONCEPT_26,employees,HR_ORACLE,0,1,0,0,0,0,0,0,0,0,"Girard, Michael, Daniel, Danielle, Stephen",first name:employees:HR_ORACLE,employees first name,"employees first name (Girard, Michael, Daniel, Danielle, Stephen)"
CONCEPT_29,last name,CONCEPT_26,employees,HR_ORACLE,0,1,0,0,0,0,0,0,0,0,"Kaufling, Mourgos, Grant, Zlotkey, Weiss",last name:employees:HR_ORACLE,employees last name,"employees last name (Kaufling, Mourgos, Grant, Zlotkey, Weiss)"
CONCEPT_30,email,CONCEPT_26,employees,HR_ORACLE,0,1,0,0,0,0,0,0,0,0,"RLADWIG, LSMITH, JLANDRY, GHIMURO, SMCCAIN",email:employees:HR_ORACLE,employees email,"employees email (RLADWIG, LSMITH, JLANDRY, GHIMURO, SMCCAIN)"
CONCEPT_31,phone number,CONCEPT_26,employees,HR_ORACLE,0,1,0,0,0,0,0,0,0,0,"650.127.1934, 650.505.2876, 011.44.1345.529268, 011.44.1344.345268, 011.44.1343.629268",phone number:employees:HR_ORACLE,employees phone number,"employees phone number (650.127.1934, 650.505.2876, 011.44.1345.529268, 011.44.1344.345268, 011.44.1343.629268)"
CONCEPT_32,hire date,CONCEPT_26,employees,HR_ORACLE,0,0,1,0,0,0,0,0,0,0,"15-NOV-06, 23-FEB-08, 10-MAR-05, 26-AUG-06, 03-FEB-08",hire date:employees:HR_ORACLE,employees hire date,"employees hire date (15-NOV-06, 23-FEB-08, 10-MAR-05, 26-AUG-06, 03-FEB-08)"
CONCEPT_33,job id,CONCEPT_26,employees,HR_ORACLE,0,1,0,0,0,1,0,0,0,0,"AC_ACCOUNT, AD_VP, SH_CLERK, PU_MAN, AC_MGR",job id:employees:HR_ORACLE,employees job id,"employees job id (AC_ACCOUNT, AD_VP, SH_CLERK, PU_MAN, AC_MGR)"
CONCEPT_34,salary,CONCEPT_26,employees,HR_ORACLE,1,0,0,0,0,0,0,0,0,0,"7300, 2400, 11000, 4800, 3300",salary:employees:HR_ORACLE,employees salary,"employees salary (7300, 2400, 11000, 4800, 3300)"
CONCEPT_35,commission pct,CONCEPT_26,employees,HR_ORACLE,1,0,0,0,0,0,0,0,0,0,"0.15, 0.25, 0.2, nan, 0.4",commission pct:employees:HR_ORACLE,employees commission pct,"employees commission pct (0.15, 0.25, 0.2, nan, 0.4)"
CONCEPT_36,manager id,CONCEPT_26,employees,HR_ORACLE,1,0,0,0,0,1,0,0,0,0,"122, 123, 108, 148, 101",manager id:employees:HR_ORACLE,employees manager id,"employees manager id (122, 123, 108, 148, 101)"
CONCEPT_37,department id,CONCEPT_26,employees,HR_ORACLE,1,0,0,0,0,1,0,0,0,0,"80, 90, 10, 40, 50",department id:employees:HR_ORACLE,employees department id,"employees department id (80, 90, 10, 40, 50)"
CONCEPT_39,employee id,CONCEPT_38,job history,HR_ORACLE,1,0,0,0,0,1,0,0,0,0,"176, 201, 114, 102, 101",employee id:job history:HR_ORACLE,job history employee id,"job history employee id (176, 201, 114, 102, 101)"
CONCEPT_40,start date,CONCEPT_38,job history,HR_ORACLE,0,0,1,0,0,0,0,0,0,0,"17-FEB-04, 24-MAR-06, 28-OCT-01, 01-JAN-07, 01-JUL-02",start date:job history:HR_ORACLE,job history start date,"job history start date (17-FEB-04, 24-MAR-06, 28-OCT-01, 01-JAN-07, 01-JUL-02)"
CONCEPT_41,end date,CONCEPT_38,job history,HR_ORACLE,0,0,1,0,0,0,0,0,0,0,"31-DEC-06, 15-MAR-05, 19-DEC-07, 24-JUL-06, 31-DEC-07",end date:job history:HR_ORACLE,job history end date,"job history end date (31-DEC-06, 15-MAR-05, 19-DEC-07, 24-JUL-06, 31-DEC-07)"
CONCEPT_42,job id,CONCEPT_38,job history,HR_ORACLE,0,1,0,0,0,1,0,0,0,0,"AD_ASST, ST_CLERK, IT_PROG, AC_ACCOUNT, SA_MAN",job id:job history:HR_ORACLE,job history job id,"job history job id (AD_ASST, ST_CLERK, IT_PROG, AC_ACCOUNT, SA_MAN)"
CONCEPT_43,department id,CONCEPT_38,job history,HR_ORACLE,1,0,0,0,0,1,0,0,0,0,"90, 20, 80, 60, 110",department id:job history:HR_ORACLE,job history department id,"job history department id (90, 20, 80, 60, 110)"
CONCEPT_46,customer id,CONCEPT_45,customers,OC_ORACLE,1,0,0,0,1,0,0,0,0,0,"22, 261, 310, 379, 367",customer id:customers:OC_ORACLE,customers customer id,"customers customer id (22, 261, 310, 379, 367)"
CONCEPT_47,email address,CONCEPT_45,customers,OC_ORACLE,0,1,0,0,0,0,0,0,0,0,"dania.grizzard@internalmail, adan.lamica@internalmail, frank.perez@internalmail, margaret.bennett@internalmail, james.smith@internalmail",email address:customers:OC_ORACLE,customers email address,"customers email address (dania.grizzard@internalmail, adan.lamica@internalmail, frank.perez@internalmail, margaret.bennett@internalmail, james.smith@internalmail)"
CONCEPT_48,full name,CONCEPT_45,customers,OC_ORACLE,0,1,0,0,0,0,0,0,0,0,"Chassidy Hinderaker, Dorathy Hutchings, Michael Marker, Leon Schoepfer, Scotty Goffredo",full name:customers:OC_ORACLE,customers full name,"customers full name (Chassidy Hinderaker, Dorathy Hutchings, Michael Marker, Leon Schoepfer, Scotty Goffredo)"
CONCEPT_50,store id,CONCEPT_49,stores,OC_ORACLE,1,0,0,0,1,0,0,0,0,0,"10, 16, 9, 11, 8",store id:stores:OC_ORACLE,stores store id,"stores store id (10, 16, 9, 11, 8)"
CONCEPT_51,store name,CONCEPT_49,stores,OC_ORACLE,0,1,0,0,0,0,0,0,0,0,"Mexico City, Sydney, London, Madrid, Online",store name:stores:OC_ORACLE,stores store name,"stores store name (Mexico City, Sydney, London, Madrid, Online)"
CONCEPT_52,web address,CONCEPT_49,stores,OC_ORACLE,0,1,0,0,0,0,0,0,0,0,,web address:stores:OC_ORACLE,stores web address,stores web address (nan)
CONCEPT_53,physical address,CONCEPT_49,stores,OC_ORACLE,0,1,0,0,0,0,0,0,0,0,"First International Financial Center     Unit No. 501, Level 5     No. C54 1, G Block     Bandra Kurla Complex     CTS No. 4207, Kolekalyan Village     Mumbai - 400 051     India, 205 Lexington Ave     7th Floor     New York, NY 10016, Hertogswetering 163-167, 3543 AS Utrecht, Netherlands, 2 Chome-5-? Kitaaoyama, Minato City, Tokyo 107-0061, Japan, Montes Urales # 470 P3 Col. Lomas de Chapultepec Delegacion Miguel Hidalgo - C.P. 11000",physical address:stores:OC_ORACLE,stores physical address,"stores physical address (First International Financial Center     Unit No. 501, Level 5     No. C54 1, G Block     Bandra Kurla Complex     CTS No. 4207, Kolekalyan Village     Mumbai - 400 051     India, 205 Lexington Ave     7th Floor     New York, NY 10016, Hertogswetering 163-167, 3543 AS Utrecht, Netherlands, 2 Chome-5-? Kitaaoyama, Minato City, Tokyo 107-0061, Japan, Montes Urales # 470 P3 Col. Lomas de Chapultepec Delegacion Miguel Hidalgo - C.P. 11000)"
CONCEPT_54,latitude,CONCEPT_49,stores,OC_ORACLE,1,0,0,0,0,0,0,0,0,0,"nan, 41.878751, 52.103263, 40.745216, 32.100664",latitude:stores:OC_ORACLE,stores latitude,"stores latitude (nan, 41.878751, 52.103263, 40.745216, 32.100664)"
CONCEPT_55,longitude,CONCEPT_49,stores,OC_ORACLE,1,0,0,0,0,0,0,0,0,0,"77.220135, 72.870143, 139.718584, 116.290061, -122.267237",longitude:stores:OC_ORACLE,stores longitude,"stores longitude (77.220135, 72.870143, 139.718584, 116.290061, -122.267237)"
CONCEPT_56,logo,CONCEPT_49,stores,OC_ORACLE,0,0,0,1,0,0,0,0,0,0,(BLOB),logo:stores:OC_ORACLE,stores logo,stores logo ((BLOB))
CONCEPT_57,logo mime type,CONCEPT_49,stores,OC_ORACLE,0,1,0,0,0,0,0,0,0,0,,logo mime type:stores:OC_ORACLE,stores logo mime type,stores logo mime type (nan)
CONCEPT_58,logo filename,CONCEPT_49,stores,OC_ORACLE,0,1,0,0,0,0,0,0,0,0,,logo filename:stores:OC_ORACLE,stores logo filename,stores logo filename (nan)
CONCEPT_59,logo charset,CONCEPT_49,stores,OC_ORACLE,0,1,0,0,0,0,0,0,0,0,,logo charset:stores:OC_ORACLE,stores logo char set,stores logo char set (nan)
CONCEPT_60,logo last updated,CONCEPT_49,stores,OC_ORACLE,0,0,1,0,0,0,0,0,0,0,,logo last updated:stores:OC_ORACLE,stores logo last updated,stores logo last updated (nan)
CONCEPT_62,product id,CONCEPT_61,products,OC_ORACLE,1,0,0,0,1,0,0,0,0,0,"38, 8, 45, 40, 17",product id:products:OC_ORACLE,products product id,"products product id (38, 8, 45, 40, 17)"
CONCEPT_63,product name,CONCEPT_61,products,OC_ORACLE,0,1,0,0,0,0,0,0,0,0,"Girl's Shorts (Green), Women's Trousers (Blue), Women's Pyjamas (Grey), Boy's Jeans (Black), Men's Shorts (Black)",product name:products:OC_ORACLE,products product name,"products product name (Girl's Shorts (Green), Women's Trousers (Blue), Women's Pyjamas (Grey), Boy's Jeans (Black), Men's Shorts (Black))"
CONCEPT_64,unit price,CONCEPT_61,products,OC_ORACLE,1,0,0,0,0,0,0,0,0,0,"39.78, 16.67, 37.34, 34.06, 48.75",unit price:products:OC_ORACLE,products unit price,"products unit price (39.78, 16.67, 37.34, 34.06, 48.75)"
CONCEPT_65,product details,CONCEPT_61,products,OC_ORACLE,0,0,0,1,0,0,0,0,0,0,(BLOB),product details:products:OC_ORACLE,products product details,products product details ((BLOB))
CONCEPT_66,product image,CONCEPT_61,products,OC_ORACLE,0,0,0,1,0,0,0,0,0,0,(BLOB),product image:products:OC_ORACLE,products product image,products product image ((BLOB))
CONCEPT_67,image mime type,CONCEPT_61,products,OC_ORACLE,0,1,0,0,0,0,0,0,0,0,,image mime type:products:OC_ORACLE,products image mime type,products image mime type (nan)
CONCEPT_68,image filename,CONCEPT_61,products,OC_ORACLE,0,1,0,0,0,0,0,0,0,0,,image filename:products:OC_ORACLE,products image filename,products image filename (nan)
CONCEPT_69,image charset,CONCEPT_61,products,OC_ORACLE,0,1,0,0,0,0,0,0,0,0,,image charset:products:OC_ORACLE,products image char set,products image char set (nan)
CONCEPT_70,image last updated,CONCEPT_61,products,OC_ORACLE,0,0,1,0,0,0,0,0,0,0,,image last updated:products:OC_ORACLE,products image last updated,products image last updated (nan)
CONCEPT_72,order id,CONCEPT_71,orders,OC_ORACLE,1,0,0,0,1,0,0,0,0,0,"1101, 171, 1494, 1945, 946",order id:orders:OC_ORACLE,orders order id,"orders order id (1101, 171, 1494, 1945, 946)"
CONCEPT_73,order datetime,CONCEPT_71,orders,OC_ORACLE,0,0,1,0,0,0,0,0,0,0,"06-MAR-19 12.36.19.692532000 PM, 12-MAR-19 12.49.36.705140000 PM, 24-JAN-19 07.19.32.303101000 AM, 25-JAN-19 06.35.35.748511000 PM, 03-MAR-19 09.15.47.418670000 AM",order datetime:orders:OC_ORACLE,orders order date time,"orders order date time (06-MAR-19 12.36.19.692532000 PM, 12-MAR-19 12.49.36.705140000 PM, 24-JAN-19 07.19.32.303101000 AM, 25-JAN-19 06.35.35.748511000 PM, 03-MAR-19 09.15.47.418670000 AM)"
CONCEPT_74,customer id,CONCEPT_71,orders,OC_ORACLE,1,0,0,0,0,1,0,0,0,0,"136, 170, 44, 168, 17",customer id:orders:OC_ORACLE,orders customer id,"orders customer id (136, 170, 44, 168, 17)"
CONCEPT_75,order status,CONCEPT_71,orders,OC_ORACLE,0,1,0,0,0,0,0,0,0,0,REFUNDED,order status:orders:OC_ORACLE,orders order status,orders order status (REFUNDED)
CONCEPT_76,store id,CONCEPT_71,orders,OC_ORACLE,1,0,0,0,0,1,0,0,0,0,"15, 5, 2, 20, 8",store id:orders:OC_ORACLE,orders store id,"orders store id (15, 5, 2, 20, 8)"
CONCEPT_78,shipment id,CONCEPT_77,shipments,OC_ORACLE,1,0,0,0,1,0,0,0,0,0,"1536, 907, 745, 38, 1210",shipment id:shipments:OC_ORACLE,shipments shipment id,"shipments shipment id (1536, 907, 745, 38, 1210)"
CONCEPT_79,store id,CONCEPT_77,shipments,OC_ORACLE,1,0,0,0,0,1,0,0,0,0,1,store id:shipments:OC_ORACLE,shipments store id,shipments store id (1)
CONCEPT_80,customer id,CONCEPT_77,shipments,OC_ORACLE,1,0,0,0,0,1,0,0,0,0,"350, 362, 78, 339, 319",customer id:shipments:OC_ORACLE,shipments customer id,"shipments customer id (350, 362, 78, 339, 319)"
CONCEPT_81,delivery address,CONCEPT_77,shipments,OC_ORACLE,0,1,0,0,0,0,0,0,0,0,"Brush Creek, TN 38547 USA, Dorchester, IA 52140 USA, Walford, IA 52351 USA, Inwood, NY 11096 USA, Salisbury, PA 15558 USA",delivery address:shipments:OC_ORACLE,shipments delivery address,"shipments delivery address (Brush Creek, TN 38547 USA, Dorchester, IA 52140 USA, Walford, IA 52351 USA, Inwood, NY 11096 USA, Salisbury, PA 15558 USA)"
CONCEPT_82,shipment status,CONCEPT_77,shipments,OC_ORACLE,0,1,0,0,0,0,0,0,0,0,DELIVERED,shipment status:shipments:OC_ORACLE,shipments shipment status,shipments shipment status (DELIVERED)
CONCEPT_84,order id,CONCEPT_83,order items,OC_ORACLE,1,0,0,0,0,1,0,0,0,0,"908, 85, 458, 130, 48",order id:order items:OC_ORACLE,order items order id,"order items order id (908, 85, 458, 130, 48)"
CONCEPT_85,line item id,CONCEPT_83,order items,OC_ORACLE,1,0,0,0,0,0,0,0,0,0,3,line item id:order items:OC_ORACLE,order items line item id,order items line item id (3)
CONCEPT_86,product id,CONCEPT_83,order items,OC_ORACLE,1,0,0,0,0,1,0,0,0,0,"32, 3, 8, 16, 15",product id:order items:OC_ORACLE,order items product id,"order items product id (32, 3, 8, 16, 15)"
CONCEPT_87,unit price,CONCEPT_83,order items,OC_ORACLE,1,0,0,0,0,0,0,0,0,0,"48.39, 24.71, 23.32, 30.69, 11.0",unit price:order items:OC_ORACLE,order items unit price,"order items unit price (48.39, 24.71, 23.32, 30.69, 11.0)"
CONCEPT_88,quantity,CONCEPT_83,order items,OC_ORACLE,1,0,0,0,0,0,0,0,0,0,"2, 4, 3, 5, 1",quantity:order items:OC_ORACLE,order items quantity,"order items quantity (2, 4, 3, 5, 1)"
CONCEPT_89,shipment id,CONCEPT_83,order items,OC_ORACLE,1,0,0,0,0,1,0,0,0,0,"246.0, 1770.0, 1786.0, 123.0, 506.0",shipment id:order items:OC_ORACLE,order items shipment id,"order items shipment id (246.0, 1770.0, 1786.0, 123.0, 506.0)"
CONCEPT_91,inventory id,CONCEPT_90,inventory,OC_ORACLE,1,0,0,0,1,0,0,0,0,0,"41, 481, 225, 243, 196",inventory id:inventory:OC_ORACLE,inventory inventory id,"inventory inventory id (41, 481, 225, 243, 196)"
CONCEPT_92,store id,CONCEPT_90,inventory,OC_ORACLE,1,0,0,0,0,1,0,0,0,0,"1, 19, 16, 22, 5",store id:inventory:OC_ORACLE,inventory store id,"inventory store id (1, 19, 16, 22, 5)"
CONCEPT_93,product id,CONCEPT_90,inventory,OC_ORACLE,1,0,0,0,0,1,0,0,0,0,"45, 29, 44, 42, 8",product id:inventory:OC_ORACLE,inventory product id,"inventory product id (45, 29, 44, 42, 8)"
CONCEPT_94,product inventory,CONCEPT_90,inventory,OC_ORACLE,1,0,0,0,0,0,0,0,0,0,"18, 17, 4, 11, 10",product inventory:inventory:OC_ORACLE,inventory product inventory,"inventory product inventory (18, 17, 4, 11, 10)"
CONCEPT_97,customernumber,CONCEPT_96,customers,OC_MYSQL,1,0,0,0,0,0,1,0,0,0,"151, 456, 386, 168, 157",customernumber:customers:OC_MYSQL,customers customer number,"customers customer number (151, 456, 386, 168, 157)"
CONCEPT_98,customername,CONCEPT_96,customers,OC_MYSQL,0,1,0,0,0,0,1,0,0,0,"L'ordine Souveniers, Online Mini Collectables, Gift Depot Inc., Warburg Exchange, Nat�rlich Autos",customername:customers:OC_MYSQL,customers customer name,"customers customer name (L'ordine Souveniers, Online Mini Collectables, Gift Depot Inc., Warburg Exchange, Nat�rlich Autos)"
CONCEPT_99,contactlastname,CONCEPT_96,customers,OC_MYSQL,0,1,0,0,0,0,1,0,0,0,"Tonini, Choi, Dewey, Saavedra, Yoshido",contactlastname:customers:OC_MYSQL,customers contact lastname,"customers contact lastname (Tonini, Choi, Dewey, Saavedra, Yoshido)"
CONCEPT_100,contactfirstname,CONCEPT_96,customers,OC_MYSQL,0,1,0,0,0,0,1,0,0,0,"Maria, Mel, Eric, Rachel, Pirkko",contactfirstname:customers:OC_MYSQL,customers contact first name,"customers contact first name (Maria, Mel, Eric, Rachel, Pirkko)"
CONCEPT_101,phone,CONCEPT_96,customers,OC_MYSQL,0,1,0,0,0,0,1,0,0,0,"2035552570, (171) 555-7555, 2015559350, 04 499 9555, 0555-09555",phone:customers:OC_MYSQL,customers phone,"customers phone (2035552570, (171) 555-7555, 2015559350, 04 499 9555, 0555-09555)"
CONCEPT_102,addressline1,CONCEPT_96,customers,OC_MYSQL,0,1,0,0,0,0,1,0,0,0,"Magazinweg 7, Forsterstr. 57, �kergatan 24, Taucherstra�e 10, 3 Hagalim Blv.",addressline1:customers:OC_MYSQL,customers address line 1,"customers address line 1 (Magazinweg 7, Forsterstr. 57, �kergatan 24, Taucherstra�e 10, 3 Hagalim Blv.)"
CONCEPT_103,addressline2,CONCEPT_96,customers,OC_MYSQL,0,1,0,0,0,0,0,1,0,0,"815 Pacific Hwy, Alessandro Volta 16, Suite 400, Floor No. 4, Level 3",addressline2:customers:OC_MYSQL,customers address line 2,"customers address line 2 (815 Pacific Hwy, Alessandro Volta 16, Suite 400, Floor No. 4, Level 3)"
CONCEPT_104,city,CONCEPT_96,customers,OC_MYSQL,0,1,0,0,0,0,1,0,0,0,"Strasbourg, Saint Petersburg, Glendale, Nashua, K�ln",city:customers:OC_MYSQL,customers city,"customers city (Strasbourg, Saint Petersburg, Glendale, Nashua, K�ln)"
CONCEPT_105,state,CONCEPT_96,customers,OC_MYSQL,0,1,0,0,0,0,0,1,0,0,"Victoria, Qu�bec, Osaka, NV, nan",state:customers:OC_MYSQL,customers state,"customers state (Victoria, Qu�bec, Osaka, NV, nan)"
CONCEPT_106,postalcode,CONCEPT_96,customers,OC_MYSQL,0,1,0,0,0,0,0,1,0,0,"97562, 92561, 80686, 10100, 106-0032",postalcode:customers:OC_MYSQL,customers postal code,"customers postal code (97562, 92561, 80686, 10100, 106-0032)"
CONCEPT_107,country,CONCEPT_96,customers,OC_MYSQL,0,1,0,0,0,0,1,0,0,0,"Japan, Switzerland, Israel, Russia, Norway",country:customers:OC_MYSQL,customers country,"customers country (Japan, Switzerland, Israel, Russia, Norway)"
CONCEPT_108,salesrepemployeenumber,CONCEPT_96,customers,OC_MYSQL,1,0,0,0,0,0,0,1,0,0,"1323, 1165, 1501, 0, 1504",salesrepemployeenumber:customers:OC_MYSQL,customers sales rep employee number,"customers sales rep employee number (1323, 1165, 1501, 0, 1504)"
CONCEPT_109,creditlimit,CONCEPT_96,customers,OC_MYSQL,0,0,0,0,0,0,0,1,0,0,"55400.0, 123900.0, 41900.0, 0.0, 120800.0",creditlimit:customers:OC_MYSQL,customers credit limit,"customers credit limit (55400.0, 123900.0, 41900.0, 0.0, 120800.0)"
CONCEPT_111,employeenumber,CONCEPT_110,employees,OC_MYSQL,1,0,0,0,0,0,1,0,0,0,"1188, 1216, 1323, 1002, 1401",employeenumber:employees:OC_MYSQL,employees employee number,"employees employee number (1188, 1216, 1323, 1002, 1401)"
CONCEPT_112,lastname,CONCEPT_110,employees,OC_MYSQL,0,1,0,0,0,0,1,0,0,0,"Tseng, Castillo, Firrelli, Bow, Fixter",lastname:employees:OC_MYSQL,employees lastname,"employees lastname (Tseng, Castillo, Firrelli, Bow, Fixter)"
CONCEPT_113,firstname,CONCEPT_110,employees,OC_MYSQL,0,1,0,0,0,0,1,0,0,0,"Julie, Peter, George, Yoshimi, Andy",firstname:employees:OC_MYSQL,employees first name,"employees first name (Julie, Peter, George, Yoshimi, Andy)"
CONCEPT_114,extension,CONCEPT_110,employees,OC_MYSQL,0,1,0,0,0,0,1,0,0,0,"x9273, x2028, x6493, x101, x2248",extension:employees:OC_MYSQL,employees extension,"employees extension (x9273, x2028, x6493, x101, x2248)"
CONCEPT_115,email,CONCEPT_110,employees,OC_MYSQL,0,1,0,0,0,0,1,0,0,0,"afixter@classicmodelcars.com, ykato@classicmodelcars.com, spatterson@classicmodelcars.com, gbondur@classicmodelcars.com, mgerard@classicmodelcars.com",email:employees:OC_MYSQL,employees email,"employees email (afixter@classicmodelcars.com, ykato@classicmodelcars.com, spatterson@classicmodelcars.com, gbondur@classicmodelcars.com, mgerard@classicmodelcars.com)"
CONCEPT_116,officecode,CONCEPT_110,employees,OC_MYSQL,0,1,0,0,0,0,1,0,0,0,"1, 3, 4, 2, 7",officecode:employees:OC_MYSQL,employees office code,"employees office code (1, 3, 4, 2, 7)"
CONCEPT_117,reportsto,CONCEPT_110,employees,OC_MYSQL,1,0,0,0,0,0,0,1,0,0,"1102, 1143, 1056, 1088, 1621",reportsto:employees:OC_MYSQL,employees reports to,"employees reports to (1102, 1143, 1056, 1088, 1621)"
CONCEPT_118,jobtitle,CONCEPT_110,employees,OC_MYSQL,0,1,0,0,0,0,1,0,0,0,"Sales Manager (APAC), Sales Manager (NA), President, Sale Manager (EMEA), VP Marketing",jobtitle:employees:OC_MYSQL,employees job title,"employees job title (Sales Manager (APAC), Sales Manager (NA), President, Sale Manager (EMEA), VP Marketing)"
CONCEPT_120,officecode,CONCEPT_119,offices,OC_MYSQL,0,1,0,0,0,0,1,0,0,0,"2, 5, 1, 7, 6",officecode:offices:OC_MYSQL,offices office code,"offices office code (2, 5, 1, 7, 6)"
CONCEPT_121,city,CONCEPT_119,offices,OC_MYSQL,0,1,0,0,0,0,1,0,0,0,"Tokyo, San Francisco, Boston, Paris, NYC",city:offices:OC_MYSQL,offices city,"offices city (Tokyo, San Francisco, Boston, Paris, NYC)"
CONCEPT_122,phone,CONCEPT_119,offices,OC_MYSQL,0,1,0,0,0,0,1,0,0,0,"+33 14 723 4404, +44 20 7877 2041, +61 2 9264 2451, +81 33 224 5000, +1 215 837 0825",phone:offices:OC_MYSQL,offices phone,"offices phone (+33 14 723 4404, +44 20 7877 2041, +61 2 9264 2451, +81 33 224 5000, +1 215 837 0825)"
CONCEPT_123,addressline1,CONCEPT_119,offices,OC_MYSQL,0,1,0,0,0,0,1,0,0,0,"1550 Court Place, 5-11 Wentworth Avenue, 43 Rue Jouffroy D'abbans, 523 East 53rd Street, 4-1 Kioicho",addressline1:offices:OC_MYSQL,offices address line 1,"offices address line 1 (1550 Court Place, 5-11 Wentworth Avenue, 43 Rue Jouffroy D'abbans, 523 East 53rd Street, 4-1 Kioicho)"
CONCEPT_124,addressline2,CONCEPT_119,offices,OC_MYSQL,0,1,0,0,0,0,0,1,0,0,"Suite 300, Suite 102, Level 7, Floor #2, apt. 5A",addressline2:offices:OC_MYSQL,offices address line 2,"offices address line 2 (Suite 300, Suite 102, Level 7, Floor #2, apt. 5A)"
CONCEPT_125,state,CONCEPT_119,offices,OC_MYSQL,0,1,0,0,0,0,0,1,0,0,"MA, CA, NY, Chiyoda-Ku, nan",state:offices:OC_MYSQL,offices state,"offices state (MA, CA, NY, Chiyoda-Ku, nan)"
CONCEPT_126,country,CONCEPT_119,offices,OC_MYSQL,0,1,0,0,0,0,1,0,0,0,"USA, UK, Australia, France, Japan",country:offices:OC_MYSQL,offices country,"offices country (USA, UK, Australia, France, Japan)"
CONCEPT_127,postalcode,CONCEPT_119,offices,OC_MYSQL,0,1,0,0,0,0,1,0,0,0,"94080, 102-8578, EC2N 1HN, NSW 2010, 02107",postalcode:offices:OC_MYSQL,offices postal code,"offices postal code (94080, 102-8578, EC2N 1HN, NSW 2010, 02107)"
CONCEPT_128,territory,CONCEPT_119,offices,OC_MYSQL,0,1,0,0,0,0,1,0,0,0,EMEA,territory:offices:OC_MYSQL,offices territory,offices territory (EMEA)
CONCEPT_130,ordernumber,CONCEPT_129,orderdetails,OC_MYSQL,1,0,0,0,0,0,1,0,0,0,"10145, 10140, 10303, 10337, 10279",ordernumber:orderdetails:OC_MYSQL,order details order number,"order details order number (10145, 10140, 10303, 10337, 10279)"
CONCEPT_131,productcode,CONCEPT_129,orderdetails,OC_MYSQL,0,1,0,0,0,0,1,0,0,0,"S18_3029, S72_1253, S700_2824, S24_1444, S10_4698",productcode:orderdetails:OC_MYSQL,order details product code,"order details product code (S18_3029, S72_1253, S700_2824, S24_1444, S10_4698)"
CONCEPT_132,quantityordered,CONCEPT_129,orderdetails,OC_MYSQL,1,0,0,0,0,0,1,0,0,0,"55, 18, 28, 77, 50",quantityordered:orderdetails:OC_MYSQL,order details quantity ordered,"order details quantity ordered (55, 18, 28, 77, 50)"
CONCEPT_133,priceeach,CONCEPT_129,orderdetails,OC_MYSQL,0,0,0,0,0,0,1,0,0,0,"63.98, 73.99, 49.13, 65.6, 59.83",priceeach:orderdetails:OC_MYSQL,order details price each,"order details price each (63.98, 73.99, 49.13, 65.6, 59.83)"
CONCEPT_134,orderlinenumber,CONCEPT_129,orderdetails,OC_MYSQL,1,0,0,0,0,0,1,0,0,0,"17, 10, 4, 11, 8",orderlinenumber:orderdetails:OC_MYSQL,order details order line number,"order details order line number (17, 10, 4, 11, 8)"
CONCEPT_136,ordernumber,CONCEPT_135,orders,OC_MYSQL,1,0,0,0,0,0,1,0,0,0,"10400, 10338, 10389, 10341, 10135",ordernumber:orders:OC_MYSQL,orders order number,"orders order number (10400, 10338, 10389, 10341, 10135)"
CONCEPT_137,orderdate,CONCEPT_135,orders,OC_MYSQL,0,0,1,0,0,0,1,0,0,0,"2004-05-11, 2005-05-31, 2005-02-02, 2005-05-13, 2005-03-11",orderdate:orders:OC_MYSQL,orders order date,"orders order date (2004-05-11, 2005-05-31, 2005-02-02, 2005-05-13, 2005-03-11)"
CONCEPT_138,requireddate,CONCEPT_135,orders,OC_MYSQL,0,0,1,0,0,0,1,0,0,0,"2003-12-06, 2005-02-21, 2004-08-26, 2003-10-16, 2004-01-15",requireddate:orders:OC_MYSQL,orders required date,"orders required date (2003-12-06, 2005-02-21, 2004-08-26, 2003-10-16, 2004-01-15)"
CONCEPT_139,shippeddate,CONCEPT_135,orders,OC_MYSQL,0,0,1,0,0,0,0,1,0,0,"2004-02-12, 2004-01-27, 2004-04-10, 2005-04-27, 2005-03-28",shippeddate:orders:OC_MYSQL,orders shipped date,"orders shipped date (2004-02-12, 2004-01-27, 2004-04-10, 2005-04-27, 2005-03-28)"
CONCEPT_140,status,CONCEPT_135,orders,OC_MYSQL,0,1,0,0,0,0,1,0,0,0,"Disputed, Resolved, Cancelled, On Hold, Shipped",status:orders:OC_MYSQL,orders status,"orders status (Disputed, Resolved, Cancelled, On Hold, Shipped)"
CONCEPT_141,comments,CONCEPT_135,orders,OC_MYSQL,0,1,0,0,0,0,0,0,0,0,"Customer disputed the order and we agreed to cancel it. We must be more cautions with this customer going forward, since they are very hard to please. We must cover the shipping fees., Customer will send a truck to our local warehouse on 7/1/2004, Customer requested that ad materials (such as posters, pamphlets) be included in the shippment, Can we renegotiate this one?, Customer cancelled due to urgent budgeting issues. Must be cautious when dealing with them in the future. Since order shipped already we must discuss who would cover the shipping charges.",comments:orders:OC_MYSQL,orders comments,"orders comments (Customer disputed the order and we agreed to cancel it. We must be more cautions with this customer going forward, since they are very hard to please. We must cover the shipping fees., Customer will send a truck to our local warehouse on 7/1/2004, Customer requested that ad materials (such as posters, pamphlets) be included in the shippment, Can we renegotiate this one?, Customer cancelled due to urgent budgeting issues. Must be cautious when dealing with them in the future. Since order shipped already we must discuss who would cover the shipping charges.)"
CONCEPT_142,customernumber,CONCEPT_135,orders,OC_MYSQL,1,0,0,0,0,0,1,0,0,0,"298, 314, 452, 201, 198",customernumber:orders:OC_MYSQL,orders customer number,"orders customer number (298, 314, 452, 201, 198)"
CONCEPT_144,customernumber,CONCEPT_143,payments,OC_MYSQL,1,0,0,0,0,0,1,0,0,0,"495, 412, 166, 240, 148",customernumber:payments:OC_MYSQL,payments customer number,"payments customer number (495, 412, 166, 240, 148)"
CONCEPT_145,checknumber,CONCEPT_143,payments,OC_MYSQL,0,1,0,0,0,0,1,0,0,0,"JO719695, CN328545, NR27552, CA762595, MN89921",checknumber:payments:OC_MYSQL,payments check number,"payments check number (JO719695, CN328545, NR27552, CA762595, MN89921)"
CONCEPT_146,paymentdate,CONCEPT_143,payments,OC_MYSQL,0,0,1,0,0,0,1,0,0,0,"2005-05-18, 2004-02-17, 2004-12-05, 2004-08-09, 2003-02-20",paymentdate:payments:OC_MYSQL,payments payment date,"payments payment date (2005-05-18, 2004-02-17, 2004-12-05, 2004-08-09, 2003-02-20)"
CONCEPT_147,amount,CONCEPT_143,payments,OC_MYSQL,0,0,0,0,0,0,1,0,0,0,"36442.34, 15059.76, 3452.75, 32723.04, 1960.8",amount:payments:OC_MYSQL,payments amount,"payments amount (36442.34, 15059.76, 3452.75, 32723.04, 1960.8)"
CONCEPT_149,productline,CONCEPT_148,productlines,OC_MYSQL,0,1,0,0,0,0,1,0,0,0,"Classic Cars, Ships, Planes, Trucks and Buses, Vintage Cars",productline:productlines:OC_MYSQL,product lines product line,"product lines product line (Classic Cars, Ships, Planes, Trucks and Buses, Vintage Cars)"
CONCEPT_150,textdescription,CONCEPT_148,productlines,OC_MYSQL,0,1,0,0,0,0,0,1,0,0,"Attention car enthusiasts: Make your wildest car ownership dreams come true. Whether you are looking for classic muscle cars, dream sports cars or movie-inspired miniatures, you will find great choices in this category. These replicas feature superb attention to detail and craftsmanship and offer features such as working steering system, opening forward compartment, opening rear trunk with removable spare wheel, 4-wheel independent spring suspension, and so on. The models range in size from 1:10 to 1:24 scale and include numerous limited edition and several out-of-production vehicles. All models include a certificate of authenticity from their manufacturers and come fully assembled and ready for display in the home or office., Unique, diecast airplane and helicopter replicas suitable for collections, as well as home, office or classroom decorations. Models contain stunning details such as official logos and insignias, rotating jet engines and propellers, retractable wheels, and so on. Most come fully assembled and with a certificate of authenticity from their manufacturers., Our motorcycles are state of the art replicas of classic as well as contemporary motorcycle legends such as Harley Davidson, Ducati and Vespa. Models contain stunning details such as official logos, rotating wheels, working kickstand, front suspension, gear-shift lever, footbrake lever, and drive chain. Materials used include diecast and plastic. The models range in size from 1:10 to 1:50 scale and include numerous limited edition and several out-of-production vehicles. All models come fully assembled and ready for display in the home or office. Most include a certificate of authenticity., Model trains are a rewarding hobby for enthusiasts of all ages. Whether you're looking for collectible wooden trains, electric streetcars or locomotives, you'll find a number of great choices for any budget within this category. The interactive aspect of trains makes toy trains perfect for young children. The wooden train sets are ideal for children under the age of 5., The Truck and Bus models are realistic replicas of buses and specialized trucks produced from the early 1920s to present. The models range in size from 1:12 to 1:50 scale and include numerous limited edition and several out-of-production vehicles. Materials used include tin, diecast and plastic. All models include a certificate of authenticity from their manufacturers and are a perfect ornament for the home and office.",textdescription:productlines:OC_MYSQL,product lines text description,"product lines text description (Attention car enthusiasts: Make your wildest car ownership dreams come true. Whether you are looking for classic muscle cars, dream sports cars or movie-inspired miniatures, you will find great choices in this category. These replicas feature superb attention to detail and craftsmanship and offer features such as working steering system, opening forward compartment, opening rear trunk with removable spare wheel, 4-wheel independent spring suspension, and so on. The models range in size from 1:10 to 1:24 scale and include numerous limited edition and several out-of-production vehicles. All models include a certificate of authenticity from their manufacturers and come fully assembled and ready for display in the home or office., Unique, diecast airplane and helicopter replicas suitable for collections, as well as home, office or classroom decorations. Models contain stunning details such as official logos and insignias, rotating jet engines and propellers, retractable wheels, and so on. Most come fully assembled and with a certificate of authenticity from their manufacturers., Our motorcycles are state of the art replicas of classic as well as contemporary motorcycle legends such as Harley Davidson, Ducati and Vespa. Models contain stunning details such as official logos, rotating wheels, working kickstand, front suspension, gear-shift lever, footbrake lever, and drive chain. Materials used include diecast and plastic. The models range in size from 1:10 to 1:50 scale and include numerous limited edition and several out-of-production vehicles. All models come fully assembled and ready for display in the home or office. Most include a certificate of authenticity., Model trains are a rewarding hobby for enthusiasts of all ages. Whether you're looking for collectible wooden trains, electric streetcars or locomotives, you'll find a number of great choices for any budget within this category. The interactive aspect of trains makes toy trains perfect for young children. The wooden train sets are ideal for children under the age of 5., The Truck and Bus models are realistic replicas of buses and specialized trucks produced from the early 1920s to present. The models range in size from 1:12 to 1:50 scale and include numerous limited edition and several out-of-production vehicles. Materials used include tin, diecast and plastic. All models include a certificate of authenticity from their manufacturers and are a perfect ornament for the home and office.)"
CONCEPT_151,htmldescription,CONCEPT_148,productlines,OC_MYSQL,0,1,0,0,0,0,0,0,0,0,,htmldescription:productlines:OC_MYSQL,product lines html description,product lines html description (nan)
CONCEPT_152,image,CONCEPT_148,productlines,OC_MYSQL,0,0,0,1,0,0,0,0,0,0,,image:productlines:OC_MYSQL,product lines image,product lines image (nan)
CONCEPT_154,productcode,CONCEPT_153,products,OC_MYSQL,0,1,0,0,0,0,1,0,0,0,"S24_2766, S32_4289, S18_1662, S12_1666, S24_1578",productcode:products:OC_MYSQL,products product code,"products product code (S24_2766, S32_4289, S18_1662, S12_1666, S24_1578)"
CONCEPT_155,productname,CONCEPT_153,products,OC_MYSQL,0,1,0,0,0,0,1,0,0,0,"1928 British Royal Navy Airplane, 1937 Lincoln Berline, 1970 Chevy Chevelle SS 454, 1992 Porsche Cayenne Turbo Silver, 1982 Lamborghini Diablo",productname:products:OC_MYSQL,products product name,"products product name (1928 British Royal Navy Airplane, 1937 Lincoln Berline, 1970 Chevy Chevelle SS 454, 1992 Porsche Cayenne Turbo Silver, 1982 Lamborghini Diablo)"
CONCEPT_156,productline,CONCEPT_153,products,OC_MYSQL,0,1,0,0,0,0,1,0,0,0,"Trains, Vintage Cars, Trucks and Buses, Classic Cars, Motorcycles",productline:products:OC_MYSQL,products product line,"products product line (Trains, Vintage Cars, Trucks and Buses, Classic Cars, Motorcycles)"
CONCEPT_157,productscale,CONCEPT_153,products,OC_MYSQL,0,1,0,0,0,0,1,0,0,0,"1:24, 1:72, 1:50, 1:12, 1:10",productscale:products:OC_MYSQL,products product scale,"products product scale (1:24, 1:72, 1:50, 1:12, 1:10)"
CONCEPT_158,productvendor,CONCEPT_153,products,OC_MYSQL,0,1,0,0,0,0,1,0,0,0,"Autoart Studio Design, Min Lin Diecast, Studio M Art Models, Second Gear Diecast, Classic Metal Creations",productvendor:products:OC_MYSQL,products product vendor,"products product vendor (Autoart Studio Design, Min Lin Diecast, Studio M Art Models, Second Gear Diecast, Classic Metal Creations)"
CONCEPT_159,productdescription,CONCEPT_153,products,OC_MYSQL,0,1,0,0,0,0,1,0,0,0,"1:12 scale model of a 1968 Dodge Charger. Hood, doors and trunk all open to reveal highly detailed interior features. Steering wheel actually turns the front wheels. Color black, Features opening hood, opening doors, opening trunk, wide white wall tires, front door arm rests, working steering system., Measures 38 inches Long x 33 3/4 inches High. Includes a stand.  Many extras including rigging, long boats, pilot house, anchors, etc. Comes with 2 masts, all square-rigged, Model features, official Harley Davidson logos and insignias, detachable rear wheelie bar, heavy diecast metal with resin parts, authentic multi-color tampo-printed graphics, separate engine drive belts, free-turning front fork, rotating tires and rear racing slick, certificate of authenticity, detailed engine, display stand  , precision diecast replica, baked enamel finish, 1:10 scale model, removable fender, seat and tank cover piece for displaying the superior detail of the v-twin engine, Exact replica. 100+ parts. working steering system, original logos",productdescription:products:OC_MYSQL,products product description,"products product description (1:12 scale model of a 1968 Dodge Charger. Hood, doors and trunk all open to reveal highly detailed interior features. Steering wheel actually turns the front wheels. Color black, Features opening hood, opening doors, opening trunk, wide white wall tires, front door arm rests, working steering system., Measures 38 inches Long x 33 3/4 inches High. Includes a stand.  Many extras including rigging, long boats, pilot house, anchors, etc. Comes with 2 masts, all square-rigged, Model features, official Harley Davidson logos and insignias, detachable rear wheelie bar, heavy diecast metal with resin parts, authentic multi-color tampo-printed graphics, separate engine drive belts, free-turning front fork, rotating tires and rear racing slick, certificate of authenticity, detailed engine, display stand  , precision diecast replica, baked enamel finish, 1:10 scale model, removable fender, seat and tank cover piece for displaying the superior detail of the v-twin engine, Exact replica. 100+ parts. working steering system, original logos)"
CONCEPT_160,quantityinstock,CONCEPT_153,products,OC_MYSQL,1,0,0,0,0,0,1,0,0,0,"414, 2874, 1452, 6906, 2542",quantityinstock:products:OC_MYSQL,products quantity in stock,"products quantity in stock (414, 2874, 1452, 6906, 2542)"
CONCEPT_161,buyprice,CONCEPT_153,products,OC_MYSQL,0,0,0,0,0,0,1,0,0,0,"29.18, 60.74, 66.74, 21.75, 34.0",buyprice:products:OC_MYSQL,products buy price,"products buy price (29.18, 60.74, 66.74, 21.75, 34.0)"
CONCEPT_162,msrp,CONCEPT_153,products,OC_MYSQL,0,0,0,0,0,0,1,0,0,0,"68.79, 53.91, 136.59, 91.34, 117.44",msrp:products:OC_MYSQL,products m srp,"products m srp (68.79, 53.91, 136.59, 91.34, 117.44)"
CONCEPT_165,customerid,CONCEPT_164,customer,OC_HANA,1,0,0,0,1,0,0,0,0,0,"39, 43, 83, 42, 29",customerid:customer:OC_HANA,customer customer id,"customer customer id (39, 43, 83, 42, 29)"
CONCEPT_166,cityid,CONCEPT_164,customer,OC_HANA,1,0,0,0,0,0,0,0,0,0,"15, 9, 29, 21, 26",cityid:customer:OC_HANA,customer city id,"customer city id (15, 9, 29, 21, 26)"
CONCEPT_167,countryid,CONCEPT_164,customer,OC_HANA,1,0,0,0,0,0,0,0,0,0,"7, 11, 15, 8, 6",countryid:customer:OC_HANA,customer country id,"customer country id (7, 11, 15, 8, 6)"
CONCEPT_168,regionid,CONCEPT_164,customer,OC_HANA,1,0,0,0,0,0,0,0,0,0,"5, 1, 2, 4, 3",regionid:customer:OC_HANA,customer region id,"customer region id (5, 1, 2, 4, 3)"
CONCEPT_169,customer,CONCEPT_164,customer,OC_HANA,0,1,0,0,0,0,0,0,0,0,"Tekmigear, Alltabuy, Cylons R Us, Quebertini, Tekmubuy",customer:customer:OC_HANA,customer customer,"customer customer (Tekmigear, Alltabuy, Cylons R Us, Quebertini, Tekmubuy)"
CONCEPT_170,cityname,CONCEPT_164,customer,OC_HANA,0,1,0,0,0,0,0,0,0,0,"Toronto, Kyoto, London, Pragues, Marseilles",cityname:customer:OC_HANA,customer city name,"customer city name (Toronto, Kyoto, London, Pragues, Marseilles)"
CONCEPT_171,countryname,CONCEPT_164,customer,OC_HANA,0,1,0,0,0,0,0,0,0,0,"Mexico, France, Spain, Japan, Colombia",countryname:customer:OC_HANA,customer country name,"customer country name (Mexico, France, Spain, Japan, Colombia)"
CONCEPT_172,regionname,CONCEPT_164,customer,OC_HANA,0,1,0,0,0,0,0,0,0,0,"EEMEA, Europe, North America, Latin America, Asia PAC",regionname:customer:OC_HANA,customer region name,"customer region name (EEMEA, Europe, North America, Latin America, Asia PAC)"
CONCEPT_174,productid,CONCEPT_173,product,OC_HANA,1,0,0,0,1,0,0,0,0,0,"8, 34, 26, 50, 23",productid:product:OC_HANA,product product id,"product product id (8, 34, 26, 50, 23)"
CONCEPT_175,categoryid,CONCEPT_173,product,OC_HANA,1,0,0,0,0,0,0,0,0,0,"5, 7, 9, 10, 13",categoryid:product:OC_HANA,product category id,"product category id (5, 7, 9, 10, 13)"
CONCEPT_176,lineid,CONCEPT_173,product,OC_HANA,1,0,0,0,0,0,0,0,0,0,2,lineid:product:OC_HANA,product line id,product line id (2)
CONCEPT_177,productname,CONCEPT_173,product,OC_HANA,0,1,0,0,0,0,0,0,0,0,"Berta Golf Clubs, Black diamond 6800, Nokia 7380, Tennis cap, Fusion Fridge",productname:product:OC_HANA,product product name,"product product name (Berta Golf Clubs, Black diamond 6800, Nokia 7380, Tennis cap, Fusion Fridge)"
CONCEPT_178,productdescription,CONCEPT_173,product,OC_HANA,0,1,0,0,0,0,0,0,0,0,"Nokia 6010, Samsung e335, UBR 7100, Golf Balls, XBOX",productdescription:product:OC_HANA,product product description,"product product description (Nokia 6010, Samsung e335, UBR 7100, Golf Balls, XBOX)"
CONCEPT_179,categoryname,CONCEPT_173,product,OC_HANA,0,1,0,0,0,0,0,0,0,0,"Golf, Consoles, Ski, Nokia Handsets, nan",categoryname:product:OC_HANA,product category name,"product category name (Golf, Consoles, Ski, Nokia Handsets, nan)"
CONCEPT_180,categorydescription,CONCEPT_173,product,OC_HANA,0,1,0,0,0,0,0,0,0,0,"Bikes, Motorola Handsets, Home Theater, nan, Ski",categorydescription:product:OC_HANA,product category description,"product category description (Bikes, Motorola Handsets, Home Theater, nan, Ski)"
CONCEPT_181,linename,CONCEPT_173,product,OC_HANA,0,1,0,0,0,0,0,0,0,0,,linename:product:OC_HANA,product line name,product line name (nan)
CONCEPT_182,linedescription,CONCEPT_173,product,OC_HANA,0,1,0,0,0,0,0,0,0,0,Sports,linedescription:product:OC_HANA,product line description,product line description (Sports)
CONCEPT_183,discontinued,CONCEPT_173,product,OC_HANA,1,0,0,0,0,0,0,0,0,0,1,discontinued:product:OC_HANA,product discontinued,product discontinued (1)
CONCEPT_184,capacity,CONCEPT_173,product,OC_HANA,0,1,0,0,0,0,0,0,0,0,"3.8 cu.ft., nan, 18 cu.ft., 22 cu.ft., 3.3 cu.ft.",capacity:product:OC_HANA,product capacity,"product capacity (3.8 cu.ft., nan, 18 cu.ft., 22 cu.ft., 3.3 cu.ft.)"
CONCEPT_185,screensize,CONCEPT_173,product,OC_HANA,0,1,0,0,0,0,0,0,0,0,,screensize:product:OC_HANA,product screen size,product screen size (nan)
CONCEPT_187,orderid,CONCEPT_186,customerorder,OC_HANA,1,0,0,0,1,0,0,0,0,0,"6745, 7615, 3767, 1697, 201",orderid:customerorder:OC_HANA,customer order order id,"customer order order id (6745, 7615, 3767, 1697, 201)"
CONCEPT_188,productid,CONCEPT_186,customerorder,OC_HANA,1,0,0,0,0,1,0,0,0,0,"22, 2, 50, 36, 55",productid:customerorder:OC_HANA,customer order product id,"customer order product id (22, 2, 50, 36, 55)"
CONCEPT_189,customerid,CONCEPT_186,customerorder,OC_HANA,1,0,0,0,0,1,0,0,0,0,"73, 58, 59, 15, 107",customerid:customerorder:OC_HANA,customer order customer id,"customer order customer id (73, 58, 59, 15, 107)"
CONCEPT_190,employeeid,CONCEPT_186,customerorder,OC_HANA,1,0,0,0,0,0,0,0,0,0,"27, 11, 17, 13, 5",employeeid:customerorder:OC_HANA,customer order employee id,"customer order employee id (27, 11, 17, 13, 5)"
CONCEPT_191,promotionid,CONCEPT_186,customerorder,OC_HANA,1,0,0,0,0,0,0,0,0,0,,promotionid:customerorder:OC_HANA,customer order promotion id,customer order promotion id (nan)
CONCEPT_192,territoryid,CONCEPT_186,customerorder,OC_HANA,1,0,0,0,0,0,0,0,0,0,,territoryid:customerorder:OC_HANA,customer order territory id,customer order territory id (nan)
CONCEPT_193,orderperiodid,CONCEPT_186,customerorder,OC_HANA,1,0,0,0,0,0,0,0,0,0,"2761, 2164, 1690, 2125, 2495",orderperiodid:customerorder:OC_HANA,customer order order period id,"customer order order period id (2761, 2164, 1690, 2125, 2495)"
CONCEPT_194,requiredperiodid,CONCEPT_186,customerorder,OC_HANA,1,0,0,0,0,0,0,0,0,0,"1653, 2486, 2670, 1726, 2935",requiredperiodid:customerorder:OC_HANA,customer order required period id,"customer order required period id (1653, 2486, 2670, 1726, 2935)"
CONCEPT_195,shippedperiodid,CONCEPT_186,customerorder,OC_HANA,1,0,0,0,0,0,0,0,0,0,"1688, 2710, 1537, 1490, 2235",shippedperiodid:customerorder:OC_HANA,customer order shipped period id,"customer order shipped period id (1688, 2710, 1537, 1490, 2235)"
CONCEPT_196,shipperid,CONCEPT_186,customerorder,OC_HANA,1,0,0,0,0,0,0,0,0,0,"7.0, 3.0, nan, 9.0, 5.0",shipperid:customerorder:OC_HANA,customer order shipper id,"customer order shipper id (7.0, 3.0, nan, 9.0, 5.0)"
CONCEPT_197,unitprice,CONCEPT_186,customerorder,OC_HANA,1,0,0,0,0,0,0,0,0,0,"2000, 190, 1300, 500, 15",unitprice:customerorder:OC_HANA,customer order unit price,"customer order unit price (2000, 190, 1300, 500, 15)"
CONCEPT_198,quantity,CONCEPT_186,customerorder,OC_HANA,1,0,0,0,0,0,0,0,0,0,"1145, 430, 1776, 272, 19",quantity:customerorder:OC_HANA,customer order quantity,"customer order quantity (1145, 430, 1776, 272, 19)"
CONCEPT_199,discount,CONCEPT_186,customerorder,OC_HANA,1,0,0,0,0,0,0,0,0,0,"16, 23, 28, 18, 19",discount:customerorder:OC_HANA,customer order discount,"customer order discount (16, 23, 28, 18, 19)"
CONCEPT_200,unitsales,CONCEPT_186,customerorder,OC_HANA,1,0,0,0,0,0,0,0,0,0,"35530, 344896, 60690, 47321, 165155",unitsales:customerorder:OC_HANA,customer order unit sales,"customer order unit sales (35530, 344896, 60690, 47321, 165155)"
CONCEPT_201,netsales,CONCEPT_186,customerorder,OC_HANA,1,0,0,0,0,0,0,0,0,0,"20239.8, 146862.0, 8539.8, 266860.8, 267279.0",netsales:customerorder:OC_HANA,customer order net sales,"customer order net sales (20239.8, 146862.0, 8539.8, 266860.8, 267279.0)"
CONCEPT_202,unitcost,CONCEPT_186,customerorder,OC_HANA,1,0,0,0,0,0,0,0,0,0,"63, 142, 67, 412, 375",unitcost:customerorder:OC_HANA,customer order unit cost,"customer order unit cost (63, 142, 67, 412, 375)"
CONCEPT_203,freight,CONCEPT_186,customerorder,OC_HANA,0,1,0,0,0,0,0,0,0,0,,freight:customerorder:OC_HANA,customer order freight,customer order freight (nan)
CONCEPT_204,cost,CONCEPT_186,customerorder,OC_HANA,1,0,0,0,0,0,0,0,0,0,"592350, 183300, 1410, 65216, 27540",cost:customerorder:OC_HANA,customer order cost,"customer order cost (592350, 183300, 1410, 65216, 27540)"
CONCEPT_205,quantityordered,CONCEPT_186,customerorder,OC_HANA,0,1,0,0,0,0,0,0,0,0,,quantityordered:customerorder:OC_HANA,customer order quantity ordered,customer order quantity ordered (nan)
CONCEPT_206,deliveredperiodid,CONCEPT_186,customerorder,OC_HANA,0,1,0,0,0,0,0,0,0,0,,deliveredperiodid:customerorder:OC_HANA,customer order delivered period id,customer order delivered period id (nan)
